{"movies":[{"layers":[{"name":"Layer_1","keyframes":[{"duration":2,"tweened":false,"pivot":[31.5,8],"loc":[31.5,8],"ref":"biggy_14","index":0},{"duration":2,"tweened":false,"pivot":[31.5,8],"loc":[31.5,8],"ref":"biggy_15","index":2}]}],"id":"anim_partial_engine_left_a"},{"layers":[{"name":"Layer_1","keyframes":[{"duration":2,"tweened":false,"pivot":[31.5,8],"loc":[31.5,8],"ref":"biggy_23","index":0},{"duration":2,"tweened":false,"pivot":[31.5,8],"loc":[31.5,8],"ref":"biggy_24","index":2}]}],"id":"anim_partial_engine_left_b"},{"layers":[{"name":"Layer_1","keyframes":[{"duration":2,"tweened":false,"pivot":[31.5,8],"loc":[31.5,8],"ref":"biggy_16","index":0},{"duration":2,"tweened":false,"pivot":[31.5,8],"loc":[31.5,8],"ref":"biggy_17","index":2}]}],"id":"anim_partial_engine_right_a"},{"layers":[{"name":"Layer_1","keyframes":[{"duration":2,"tweened":false,"pivot":[31.5,8],"loc":[31.5,8],"ref":"biggy_25","index":0},{"duration":2,"tweened":false,"pivot":[31.5,8],"loc":[31.5,8],"ref":"biggy_26","index":2}]}],"id":"anim_partial_engine_right_b"},{"layers":[{"name":"Layer_1","keyframes":[{"duration":2,"tweened":false,"pivot":[14.5,8],"loc":[14.5,0],"ref":"chicken_19","index":0},{"duration":2,"tweened":false,"pivot":[14.5,8],"loc":[14.5,0],"ref":"chicken_20","index":2},{"duration":1,"index":4},{"duration":2,"tweened":false,"pivot":[14.5,8],"loc":[14.5,0],"ref":"chicken_21","index":5},{"duration":2,"tweened":false,"pivot":[14.5,8],"loc":[14.5,0],"ref":"chicken_22","index":7},{"duration":2,"tweened":false,"pivot":[14.5,8],"loc":[14.5,0],"ref":"chicken_21","index":9},{"duration":1,"index":11},{"duration":2,"tweened":false,"pivot":[14.5,8],"loc":[14.5,0],"ref":"chicken_22","index":12},{"duration":1,"index":14}]}],"id":"anim_partial_flame"},{"layers":[{"name":"Layer_1","keyframes":[{"duration":2,"tweened":false,"pivot":[14.5,8],"loc":[14.5,0],"ref":"biggy_fire_1","index":0},{"duration":2,"tweened":false,"pivot":[14.5,8],"loc":[14.5,0],"ref":"biggy_fire_2","index":2},{"duration":2,"tweened":false,"pivot":[14.5,8],"loc":[14.5,0],"ref":"biggy_fire_3","index":4},{"duration":2,"tweened":false,"pivot":[14.5,8],"loc":[14.5,0],"ref":"biggy_fire_4","index":6}]}],"id":"anim_partial_flame_a"},{"layers":[{"name":"Layer_1","keyframes":[{"duration":2,"tweened":false,"pivot":[14.5,8],"loc":[14.5,0],"ref":"biggy_fire_1","index":0},{"duration":2,"tweened":false,"pivot":[14.5,8],"loc":[14.5,0],"ref":"biggy_fire_2","index":2},{"duration":2,"index":4},{"duration":2,"tweened":false,"pivot":[14.5,8],"loc":[14.5,0],"ref":"biggy_fire_3","index":6},{"duration":2,"tweened":false,"pivot":[14.5,8],"loc":[14.5,0],"ref":"biggy_fire_4","index":8},{"duration":2,"index":10},{"duration":2,"tweened":false,"pivot":[14.5,8],"loc":[14.5,0],"ref":"biggy_fire_2","index":12},{"duration":2,"tweened":false,"pivot":[14.5,8],"loc":[14.5,0],"ref":"biggy_fire_1","index":14},{"duration":2,"tweened":false,"pivot":[14.5,8],"loc":[14.5,0],"ref":"biggy_fire_4","index":16},{"duration":2,"index":18},{"duration":2,"tweened":false,"pivot":[14.5,8],"loc":[14.5,0],"ref":"biggy_fire_4","index":20},{"duration":2,"tweened":false,"pivot":[14.5,8],"loc":[14.5,0],"ref":"biggy_fire_1","index":22},{"duration":4,"index":24},{"duration":2,"tweened":false,"pivot":[14.5,8],"loc":[14.5,0],"ref":"biggy_fire_2","index":28},{"duration":2,"index":30}]}],"id":"anim_partial_flame_b"},{"layers":[{"name":"Layer_1","keyframes":[{"duration":2,"tweened":false,"pivot":[19,6],"ref":"players_ship_01","index":0},{"duration":2,"tweened":false,"pivot":[19,6],"ref":"players_ship_02","index":2},{"duration":2,"tweened":false,"pivot":[19,6],"ref":"players_ship_03","index":4}]}],"id":"anim_partial_flame_idle"},{"layers":[{"name":"Layer_1","keyframes":[{"duration":2,"tweened":false,"pivot":[19,8],"ref":"players_ship_06","index":0},{"duration":2,"tweened":false,"pivot":[19,8],"ref":"players_ship_07","index":2},{"duration":2,"tweened":false,"pivot":[19,8],"ref":"players_ship_08","index":4}]}],"id":"anim_partial_flame_move"},{"layers":[{"name":"Layer_1","keyframes":[{"duration":2,"tweened":false,"pivot":[27.5,23],"loc":[27.5,-23],"ref":"biggy_32","index":0},{"duration":2,"tweened":false,"pivot":[27.5,23],"loc":[27.5,-23],"ref":"biggy_33","index":2}]}],"id":"anim_partial_glass_a"},{"layers":[{"name":"Layer_1","keyframes":[{"duration":2,"tweened":false,"pivot":[27.5,23],"loc":[27.5,-23],"ref":"biggy_34","index":0},{"duration":2,"tweened":false,"pivot":[27.5,23],"loc":[27.5,-23],"ref":"biggy_35","index":2}]}],"id":"anim_partial_glass_b"},{"layers":[{"name":"Layer_1","keyframes":[{"duration":2,"tweened":false,"pivot":[17,11],"loc":[17,11],"ref":"biggy_gun_barrel_01","index":0},{"duration":2,"tweened":false,"pivot":[17,11],"loc":[17,11],"ref":"biggy_gun_barrel_02","index":2}]}],"id":"anim_partial_gun_barrel_a"},{"layers":[{"name":"Layer_1","keyframes":[{"duration":2,"tweened":false,"pivot":[17,11],"loc":[17,11],"ref":"biggy_gun_barrel_03","index":0},{"duration":2,"tweened":false,"pivot":[17,11],"loc":[17,11],"ref":"biggy_gun_barrel_04","index":2}]}],"id":"anim_partial_gun_barrel_b"},{"layers":[{"name":"Layer_1","keyframes":[{"duration":2,"tweened":false,"pivot":[8,7.5],"loc":[8,7.5],"ref":"biggy_37","index":0},{"duration":2,"tweened":false,"pivot":[8,7.5],"loc":[8,7.5],"ref":"biggy_38","index":2}]}],"id":"anim_partial_gun_thing_a"},{"layers":[{"name":"Layer_1","keyframes":[{"duration":2,"tweened":false,"pivot":[8,7.5],"loc":[8,7.5],"ref":"biggy_39","index":0},{"duration":2,"tweened":false,"pivot":[8,7.5],"loc":[8,7.5],"ref":"biggy_40","index":2}]}],"id":"anim_partial_gun_thing_b"},{"layers":[{"name":"Layer_1","keyframes":[{"duration":2,"tweened":false,"pivot":[20,10.5],"loc":[-20,-10.5],"ref":"chicken_10","index":0},{"duration":2,"tweened":false,"pivot":[20,10.5],"loc":[-20,-10.5],"ref":"chicken_11","index":2},{"duration":4,"tweened":false,"pivot":[20,10.5],"loc":[-20,-10.5],"ref":"chicken_12","index":4},{"duration":2,"tweened":false,"pivot":[20,10.5],"loc":[-20,-10.5],"ref":"chicken_11","index":8},{"duration":30,"tweened":false,"pivot":[20,10.5],"loc":[-20,-10.5],"ref":"chicken_10","index":10}]}],"id":"anim_partial_pilot"},{"layers":[{"name":"Layer_1","keyframes":[{"duration":45,"tweened":false,"loc":[-1,-1],"ref":"biggy_27","index":0}]},{"name":"biggy_20","keyframes":[{"duration":4,"tweened":false,"pivot":[0,2],"loc":[-3,-10],"ref":"biggy_20","index":0},{"duration":16,"tweened":false,"pivot":[0,2],"loc":[-3,-11],"ref":"biggy_20","index":4},{"duration":25,"tweened":false,"pivot":[0,2],"loc":[-3,-10],"ref":"biggy_20","index":20}]},{"name":"biggy_18","keyframes":[{"duration":4,"tweened":false,"loc":[-2,-30],"ref":"biggy_18","index":0},{"duration":4,"tweened":false,"loc":[-2,-30],"ref":"biggy_18","index":4},{"duration":12,"tweened":false,"loc":[-2,-31],"ref":"biggy_18","index":8},{"duration":2,"tweened":false,"loc":[-2,-31],"ref":"biggy_18","index":20},{"duration":2,"tweened":false,"loc":[-2,-30],"ref":"biggy_18","index":22},{"duration":2,"tweened":false,"loc":[-2,-29],"ref":"biggy_18","index":24},{"duration":19,"tweened":false,"loc":[-2,-30],"ref":"biggy_18","index":26}]}],"id":"anim_partial_pilot_a"},{"layers":[{"name":"Layer_1","keyframes":[{"duration":20,"tweened":false,"loc":[-1,-1],"ref":"biggy_27","index":0}]},{"name":"biggy_20","keyframes":[{"duration":4,"tweened":false,"pivot":[0,2],"loc":[-3,-10],"ref":"biggy_22","index":0},{"duration":8,"tweened":false,"pivot":[0,2],"loc":[-3,-11],"ref":"biggy_22","index":4},{"duration":8,"tweened":false,"pivot":[0,2],"loc":[-3,-10],"ref":"biggy_22","index":12}]},{"name":"biggy_18","keyframes":[{"duration":4,"tweened":false,"loc":[-3,-30],"ref":"biggy_19","index":0},{"duration":2,"tweened":false,"loc":[-3,-30],"ref":"biggy_19","index":4},{"duration":8,"tweened":false,"loc":[-3,-31],"ref":"biggy_19","index":6},{"duration":6,"tweened":false,"loc":[-3,-30],"ref":"biggy_19","index":14}]}],"id":"anim_partial_pilot_b"},{"layers":[{"name":"Layer_1","keyframes":[{"duration":3,"tweened":false,"pivot":[0.1,0.2],"loc":[40.1,21.2],"ref":"anim_partial_pilot","index":0},{"duration":5,"tweened":false,"pivot":[0.1,0.2],"loc":[40.1,22.2],"ref":"anim_partial_pilot","index":3},{"duration":4,"tweened":false,"pivot":[0.1,0.2],"loc":[40.1,21.2],"ref":"anim_partial_pilot","index":8}]}],"id":"anim_partial_pilot_v"},{"layers":[{"name":"Layer_1","keyframes":[{"duration":2,"tweened":false,"pivot":[45.5,8],"loc":[0.5,-8],"ref":"biggy_10","index":0},{"duration":2,"tweened":false,"pivot":[45.5,8],"loc":[0.5,-8],"ref":"biggy_11","index":2}]}],"id":"anim_partial_ship_metal_a"},{"layers":[{"name":"Layer_1","keyframes":[{"duration":2,"tweened":false,"pivot":[45.5,8],"loc":[0.5,-8],"ref":"biggy_12","index":0},{"duration":2,"tweened":false,"pivot":[45.5,8],"loc":[0.5,-8],"ref":"biggy_13","index":2}]}],"id":"anim_partial_ship_metal_b"},{"layers":[{"name":"Layer_2","keyframes":[{"duration":14,"tweened":false,"loc":[-14,5],"ref":"anim_partial_gun_barrel_a","index":0},{"duration":2,"tweened":false,"loc":[-8,5],"ref":"anim_partial_gun_barrel_a","index":14},{"duration":2,"tweened":false,"loc":[-11,5],"ref":"anim_partial_gun_barrel_a","index":16},{"duration":2,"tweened":false,"loc":[-13,5],"ref":"anim_partial_gun_barrel_a","index":18}]},{"name":"Layer_3","keyframes":[{"duration":2,"index":0},{"duration":2,"tweened":false,"pivot":[11,11],"loc":[-3,16],"ref":"biggy_01","index":2},{"duration":2,"tweened":false,"pivot":[11,11],"loc":[-3,16],"ref":"biggy_02","index":4},{"duration":2,"tweened":false,"pivot":[11,11],"loc":[-3,16],"ref":"biggy_03","index":6},{"duration":2,"tweened":false,"pivot":[11,11],"loc":[-3,16],"ref":"biggy_04","index":8},{"duration":2,"tweened":false,"pivot":[11,11],"loc":[-3,16],"ref":"biggy_05","index":10},{"duration":2,"tweened":false,"pivot":[11,11],"loc":[-3,16],"ref":"biggy_06","index":12},{"duration":4,"index":14}]},{"name":"Layer_1","keyframes":[{"duration":14,"tweened":false,"pivot":[21.5,15.5],"loc":[21.5,15.5],"ref":"biggy_30","index":0},{"duration":2,"tweened":false,"pivot":[21.5,15.5],"loc":[23.5,15.5],"ref":"biggy_30","index":14},{"duration":2,"tweened":false,"pivot":[21.5,15.5],"loc":[22.5,15.5],"ref":"biggy_30","index":16},{"duration":2,"tweened":false,"pivot":[21.5,15.5],"loc":[21.5,15.5],"ref":"biggy_30","index":18}]},{"name":"Layer_4","keyframes":[{"duration":14,"tweened":false,"loc":[30,3],"ref":"anim_partial_gun_thing_a","index":0},{"duration":4,"tweened":false,"loc":[31,3],"ref":"anim_partial_gun_thing_a","index":14},{"duration":2,"tweened":false,"loc":[30,3],"ref":"anim_partial_gun_thing_a","index":18}]}],"id":"biggy_launcher_a"},{"layers":[{"name":"Layer_2","keyframes":[{"duration":13,"tweened":false,"loc":[-14,5],"ref":"anim_partial_gun_barrel_b","index":0},{"duration":2,"tweened":false,"loc":[-6,5],"ref":"anim_partial_gun_barrel_b","index":13},{"duration":2,"tweened":false,"loc":[-10,5],"ref":"anim_partial_gun_barrel_b","index":15},{"duration":2,"tweened":false,"loc":[-12,5],"ref":"anim_partial_gun_barrel_b","index":17}]},{"name":"Layer_3","keyframes":[{"duration":1,"index":0},{"duration":2,"tweened":false,"pivot":[11,11],"loc":[-3,16],"ref":"biggy_01","index":1},{"duration":2,"tweened":false,"pivot":[11,11],"loc":[-3,16],"ref":"biggy_02","index":3},{"duration":2,"tweened":false,"pivot":[11,11],"loc":[-3,16],"ref":"biggy_03","index":5},{"duration":2,"tweened":false,"pivot":[11,11],"loc":[-3,16],"ref":"biggy_04","index":7},{"duration":2,"tweened":false,"pivot":[11,11],"loc":[-3,16],"ref":"biggy_05","index":9},{"duration":2,"tweened":false,"pivot":[11,11],"loc":[-3,16],"ref":"biggy_06","index":11},{"duration":4,"index":13}]},{"name":"Layer_1","keyframes":[{"duration":13,"tweened":false,"pivot":[21.5,15.5],"loc":[21.5,15.5],"ref":"biggy_31","index":0},{"duration":2,"tweened":false,"pivot":[21.5,15.5],"loc":[25.5,15.5],"ref":"biggy_31","index":13},{"duration":2,"tweened":false,"pivot":[21.5,15.5],"loc":[23.5,15.5],"ref":"biggy_31","index":15},{"duration":2,"tweened":false,"pivot":[21.5,15.5],"loc":[22.5,15.5],"ref":"biggy_31","index":17}]},{"name":"Layer_4","keyframes":[{"duration":13,"tweened":false,"loc":[30,3],"ref":"anim_partial_gun_thing_b","index":0},{"duration":2,"tweened":false,"loc":[36,2],"ref":"anim_partial_gun_thing_b","index":13},{"duration":2,"tweened":false,"loc":[33,2],"ref":"anim_partial_gun_thing_b","index":15},{"duration":2,"tweened":false,"loc":[31,3],"ref":"anim_partial_gun_thing_b","index":17}]}],"id":"biggy_launcher_b"},{"layers":[{"flipbook":true,"name":"flipbook","keyframes":[{"duration":2,"tweened":false,"pivot":[9,9],"ref":"bullet_damage_flipbook_0","index":0},{"duration":2,"tweened":false,"pivot":[9,9],"ref":"bullet_damage_flipbook_2","index":2},{"duration":2,"tweened":false,"pivot":[11,12],"ref":"bullet_damage_flipbook_4","index":4},{"duration":2,"tweened":false,"pivot":[8,-5],"ref":"bullet_damage_flipbook_6","index":6}]}],"id":"bullet_damage"},{"layers":[{"flipbook":true,"name":"flipbook","keyframes":[{"duration":1,"tweened":false,"pivot":[3.45,4.5],"ref":"bullet_dissolves_flipbook_0","index":0},{"duration":1,"tweened":false,"pivot":[6.45,6.5],"ref":"bullet_dissolves_flipbook_1","index":1},{"duration":1,"tweened":false,"pivot":[5.45,5.5],"ref":"bullet_dissolves_flipbook_2","index":2},{"duration":1,"tweened":false,"pivot":[5.5,5.55],"ref":"bullet_dissolves_flipbook_3","index":3},{"duration":1,"tweened":false,"pivot":[-4.5,6.6],"ref":"bullet_dissolves_flipbook_4","index":4}]}],"id":"bullet_dissolves"},{"layers":[{"name":"game_1_redplanet","keyframes":[{"duration":1,"tweened":false,"pivot":[25,25],"loc":[127.05,105.05],"ref":"game_1_redplanet","index":0}]},{"name":"game1_bigplanet","keyframes":[{"duration":1,"tweened":false,"pivot":[50,50],"loc":[382,-57.95],"ref":"game1_bigplanet","index":0}]},{"name":"stars2","keyframes":[{"duration":1,"index":0}]},{"name":"stars2","keyframes":[{"duration":1,"index":0}]},{"name":"star4","keyframes":[{"duration":1,"index":0}]},{"name":"anim_panel_01_stars_level03_outro","keyframes":[{"duration":1,"index":0}]},{"name":"Layer_2","keyframes":[{"duration":1,"index":0}]}],"id":"chunk_back_b_1_x_500"},{"layers":[{"name":"game1_doubleplanet","keyframes":[{"duration":1,"tweened":false,"pivot":[50,50],"loc":[183,98.05],"ref":"game1_doubleplanet","index":0}]},{"name":"game1_earthplanet","keyframes":[{"duration":1,"tweened":false,"pivot":[25,25],"loc":[407,-158],"ref":"game1_earthplanet","index":0}]}],"id":"chunk_back_b_2_x_500"},{"layers":[{"name":"game1_ringplanet","keyframes":[{"duration":1,"tweened":false,"pivot":[50,50],"loc":[390.95,186.05],"ref":"game1_ringplanet","index":0}]},{"name":"game1_redplanetsingle","keyframes":[{"duration":1,"tweened":false,"pivot":[25,25],"loc":[147.05,24.05],"ref":"game1_redplanetsingle","index":0}]},{"name":"game1_redplanetsingle","keyframes":[{"duration":1,"tweened":false,"pivot":[25,25],"loc":[379,-128.95],"ref":"game1_redplanetsingle","index":0}]},{"name":"game1_smallplanet","keyframes":[{"duration":1,"tweened":false,"pivot":[25,25],"loc":[315,-123.9],"ref":"game1_smallplanet","index":0}]},{"name":"game1_smallplanet","keyframes":[{"duration":1,"tweened":false,"pivot":[25,25],"loc":[172.05,246.05],"ref":"game1_smallplanet","index":0}]}],"id":"chunk_back_b_3_x_500"},{"layers":[{"name":"game1_ringplanet","keyframes":[{"duration":1,"tweened":false,"pivot":[50,50],"loc":[325.95,-179.95],"ref":"game1_ringplanet","index":0}]},{"name":"game1_ringplanet","keyframes":[{"duration":1,"tweened":false,"pivot":[50,50],"loc":[202,237],"ref":"game1_ringplanet","index":0}]},{"name":"game1_planet_smiley","keyframes":[{"duration":1,"tweened":false,"pivot":[17,34],"loc":[288,7.05],"ref":"game1_planet_smiley","index":0}]},{"name":"game1_smallplanet","keyframes":[{"duration":1,"tweened":false,"pivot":[25,25],"loc":[135.05,-24.9],"ref":"game1_smallplanet","index":0}]},{"name":"game1_smallplanet","keyframes":[{"duration":1,"tweened":false,"pivot":[25,25],"loc":[375,123],"ref":"game1_smallplanet","index":0}]}],"id":"chunk_back_b_4_x_500"},{"layers":[{"name":"game1_ringplanet","keyframes":[{"duration":1,"tweened":false,"pivot":[50,50],"loc":[367.95,30.05],"ref":"game1_ringplanet","index":0}]},{"name":"game1_ringplanet","keyframes":[{"duration":1,"tweened":false,"pivot":[25,25],"loc":[125,69.05],"ref":"game1_earthplanet","index":0}]},{"name":"game1_smallplanet","keyframes":[{"duration":1,"tweened":false,"pivot":[25,25],"loc":[150.05,-161.9],"ref":"game1_smallplanet","index":0}]},{"name":"game1_smallplanet","keyframes":[{"duration":1,"tweened":false,"pivot":[25,25],"loc":[340,214.95],"ref":"game1_smallplanet","index":0}]}],"id":"chunk_back_b_5_x_500"},{"layers":[{"name":"game1_doubleplanet","keyframes":[{"duration":1,"tweened":false,"pivot":[50,50],"loc":[237.95,24.05],"ref":"game1_doubleplanet","index":0}]},{"name":"game1_earthplanet","keyframes":[{"duration":1,"tweened":false,"pivot":[25,25],"loc":[407,-158],"ref":"game1_earthplanet","index":0}]},{"name":"game1_ringplanet","keyframes":[{"duration":1,"tweened":false,"pivot":[50,50],"loc":[143,-153.95],"ref":"game1_ringplanet","index":0}]},{"name":"game1_earthplanet","keyframes":[{"duration":1,"tweened":false,"pivot":[25,25],"loc":[146,157],"ref":"game1_earthplanet","index":0}]},{"name":"game1_smallplanet","keyframes":[{"duration":1,"tweened":false,"pivot":[25,25],"loc":[259,-89],"ref":"game1_redplanetsingle","index":0}]},{"name":"game1_smallplanet","keyframes":[{"duration":1,"tweened":false,"pivot":[25,25],"loc":[403,44],"ref":"game1_smallplanet","index":0}]},{"name":"game1_smallplanet","keyframes":[{"duration":1,"tweened":false,"pivot":[25,25],"loc":[336,174.95],"ref":"game1_smallplanet","index":0}]},{"name":"game1_smallplanet","keyframes":[{"duration":1,"tweened":false,"pivot":[25,25],"loc":[71.05,61],"ref":"game1_smallplanet","index":0}]}],"id":"chunk_back_b_6_x_500"},{"layers":[{"name":"game1_starchunks_2","keyframes":[{"duration":1,"tweened":false,"pivot":[125,125],"loc":[125,125],"ref":"game1_starchunks_2","index":0,"skew":[1.5708,1.5708]}]},{"name":"game1_starchunks_1","keyframes":[{"duration":1,"tweened":false,"pivot":[125,125],"loc":[125,-125],"ref":"game1_starchunks_1","index":0,"skew":[-3.1416,3.1416]}]}],"id":"chunk_back_c_1_x_250"},{"layers":[{"name":"game1_starchunks_1","keyframes":[{"duration":1,"tweened":false,"pivot":[125,125],"loc":[125,125],"ref":"game1_starchunks_1","index":0}]},{"name":"game1_starchunks_2","keyframes":[{"duration":1,"tweened":false,"pivot":[125,125],"loc":[125,-125],"ref":"game1_starchunks_2","index":0,"skew":[1.5708,1.5708]}]}],"id":"chunk_back_c_2_x_250"},{"layers":[{"name":"game1_starchunks_1","keyframes":[{"duration":1,"tweened":false,"pivot":[125,125],"loc":[125,125],"ref":"game1_starchunks_1","index":0,"skew":[-1.5708,-1.5708]}]},{"name":"game1_starchunks_2","keyframes":[{"duration":1,"tweened":false,"pivot":[125,125],"loc":[125,-125],"ref":"game1_starchunks_2","index":0,"skew":[-3.1416,3.1416]}]}],"id":"chunk_back_c_3_x_250"},{"layers":[{"name":"game1_starchunks_2","keyframes":[{"duration":1,"tweened":false,"pivot":[125,125],"loc":[125,125],"ref":"game1_starchunks_2","index":0,"skew":[-3.1416,3.1416]}]},{"name":"game1_starchunks_1","keyframes":[{"duration":1,"tweened":false,"pivot":[125,125],"loc":[125,-125],"ref":"game1_starchunks_1","index":0}]}],"id":"chunk_back_c_4_x_250"},{"layers":[{"name":"game1_top_starchunks_4","keyframes":[{"duration":1,"tweened":false,"pivot":[125,125],"loc":[125,145],"ref":"game1_top_starchunks_4","index":0}]},{"name":"game1_top_starchunks_3","keyframes":[{"duration":1,"tweened":false,"pivot":[125,125],"loc":[125,-105],"ref":"game1_top_starchunks_3","index":0}]}],"id":"chunk_back_d_1_x_250"},{"layers":[{"name":"game1_top_starchunks_1","keyframes":[{"duration":1,"tweened":false,"pivot":[125,125],"loc":[125,145],"ref":"game1_top_starchunks_1","index":0}]},{"name":"game1_top_starchunks_2","keyframes":[{"duration":1,"tweened":false,"pivot":[125,125],"loc":[125,-105],"ref":"game1_top_starchunks_2","index":0}]}],"id":"chunk_back_d_2_x_250"},{"layers":[{"name":"game1_top_starchunks_3","keyframes":[{"duration":1,"tweened":false,"pivot":[125,125],"loc":[125,145],"ref":"game1_top_starchunks_3","index":0}]},{"name":"game1_top_starchunks_1","keyframes":[{"duration":1,"tweened":false,"pivot":[125,125],"loc":[125,-105],"ref":"game1_top_starchunks_1","index":0}]}],"id":"chunk_back_d_3_x_250"},{"layers":[{"name":"game1_top_starchunks_4","keyframes":[{"duration":1,"tweened":false,"pivot":[125,125],"loc":[125,145],"ref":"game1_top_starchunks_4","index":0}]},{"name":"game1_top_starchunks_2","keyframes":[{"duration":1,"tweened":false,"pivot":[125,125],"loc":[125,-105],"ref":"game1_top_starchunks_2","index":0}]}],"id":"chunk_back_d_4_x_250"},{"layers":[{"name":"game1_top_starchunks_1","keyframes":[{"duration":1,"tweened":false,"pivot":[125,125],"loc":[125,145],"ref":"game1_top_starchunks_1","index":0}]},{"name":"game1_top_starchunks_4","keyframes":[{"duration":1,"tweened":false,"pivot":[125,125],"loc":[125,-105],"ref":"game1_top_starchunks_4","index":0}]}],"id":"chunk_back_d_5_x_250"},{"layers":[{"name":"Layer_1","keyframes":[{"duration":1,"tweened":false,"loc":[-21,0],"ref":"biggy_gun_01","index":0},{"duration":2,"tweened":false,"loc":[-21,0],"ref":"biggy_gun_02","index":1},{"duration":2,"tweened":false,"loc":[-21,0],"ref":"biggy_gun_03","index":3},{"duration":2,"tweened":false,"loc":[-21,0],"ref":"biggy_gun_04","index":5},{"duration":2,"tweened":false,"pivot":[21,10.5],"loc":[0,10.5],"ref":"biggy_gun_05","index":7}]}],"id":"enemy_biggy_gun_1_normal"},{"layers":[{"name":"Layer_2","keyframes":[{"scale":[5.4319,4.35],"duration":1,"tweened":false,"loc":[-25.3,-114.25],"ref":"generic_collider","index":0}]},{"name":"Layer_3","keyframes":[{"scale":[9.3625,6.1885],"duration":1,"tweened":false,"pivot":[-0.15,-0.1],"loc":[-47.7044,-71.3688],"ref":"generic_collider","index":0}]},{"name":"Layer_4","keyframes":[{"scale":[3.5512,2.2752],"duration":1,"tweened":false,"pivot":[-0.25,-0.15],"loc":[-13.0878,-9.7913],"ref":"generic_collider","index":0}]}],"id":"enemy_biggy_ship_a_colliders"},{"layers":[{"name":"biggy_41","keyframes":[{"duration":1,"tweened":false,"loc":[-28,-74],"ref":"biggy_41","index":0}]},{"name":"gun_back","keyframes":[{"duration":1,"tweened":false,"loc":[-36,-52],"ref":"biggy_launcher_a","index":0}]},{"name":"anim_partial_flame_a","keyframes":[{"duration":1,"tweened":false,"loc":[44,-16],"ref":"anim_partial_flame_a","index":0}]},{"name":"anim_partial_engine_right_a","keyframes":[{"duration":1,"tweened":false,"loc":[-48,-24],"ref":"anim_partial_engine_right_a","index":0}]},{"name":"biggy_08","keyframes":[{"duration":1,"tweened":false,"loc":[-43,-54],"ref":"biggy_08","index":0}]},{"name":"anim_partial_engine_left_a","keyframes":[{"duration":1,"tweened":false,"loc":[-14,-24],"ref":"anim_partial_engine_left_a","index":0}]},{"name":"anim_partial_glass_a","keyframes":[{"duration":1,"tweened":false,"loc":[-25,-69],"ref":"anim_partial_glass_a","index":0}]},{"name":"biggy_41","keyframes":[{"duration":1,"tweened":false,"loc":[13,-74],"ref":"biggy_41","index":0}]},{"name":"anim_partial_ship_metal_a","keyframes":[{"duration":1,"tweened":false,"loc":[-1,-54],"ref":"anim_partial_ship_metal_a","index":0}]},{"name":"anim_partial_pilot_a","keyframes":[{"duration":1,"tweened":false,"pivot":[8,7],"loc":[3,-70],"ref":"anim_partial_pilot_a","index":0}]},{"name":"gun_front","keyframes":[{"duration":1,"tweened":false,"loc":[-2,-52],"ref":"biggy_launcher_a","index":0}]}],"id":"enemy_biggy_ship_a_idle"},{"layers":[{"name":"biggy_41","keyframes":[{"duration":1,"tweened":false,"loc":[-28,-74],"ref":"biggy_41","index":0}]},{"name":"gun_back","keyframes":[{"duration":1,"tweened":false,"loc":[-36,-52],"ref":"biggy_launcher_b","index":0}]},{"name":"anim_partial_flame_b","keyframes":[{"duration":1,"tweened":false,"loc":[44,-15],"ref":"anim_partial_flame_b","index":0}]},{"name":"anim_partial_engine_right_b","keyframes":[{"duration":1,"tweened":false,"loc":[-47,-26],"ref":"anim_partial_engine_right_b","index":0}]},{"name":"biggy_09","keyframes":[{"duration":1,"tweened":false,"loc":[-43,-54],"ref":"biggy_09","index":0}]},{"name":"anim_partial_engine_left_b","keyframes":[{"duration":1,"tweened":false,"loc":[-14,-25],"ref":"anim_partial_engine_left_b","index":0}]},{"name":"gun_front","keyframes":[{"duration":1,"tweened":false,"loc":[-2,-52],"ref":"biggy_launcher_b","index":0}]},{"name":"biggy_41","keyframes":[{"duration":1,"tweened":false,"loc":[13,-74],"ref":"biggy_41","index":0}]},{"name":"anim_partial_ship_metal_b","keyframes":[{"duration":1,"tweened":false,"loc":[-1,-54],"ref":"anim_partial_ship_metal_b","index":0}]},{"name":"anim_partial_pilot_b","keyframes":[{"duration":1,"tweened":false,"pivot":[8,7],"loc":[3,-70],"ref":"anim_partial_pilot_b","index":0}]},{"name":"anim_partial_glass_b","keyframes":[{"duration":1,"tweened":false,"loc":[-25,-69],"ref":"anim_partial_glass_b","index":0}]}],"id":"enemy_biggy_ship_b_idle"},{"layers":[{"name":"generic_collider","keyframes":[{"scale":[3.2567,6.0727],"duration":1,"tweened":false,"pivot":[-0.2,-0.2],"loc":[-1.5013,-61.5145],"ref":"generic_collider","index":0}]},{"name":"generic_collider","keyframes":[{"scale":[8.4674,2.3642],"duration":1,"tweened":false,"pivot":[-0.3,-0.2],"loc":[-25.4402,-38.2728],"ref":"generic_collider","index":0}]}],"id":"enemy_chicken_ship_colliders"},{"layers":[{"name":"Layer_1","keyframes":[{"duration":2,"tweened":false,"pivot":[21,10.5],"loc":[0,10.5],"ref":"chicken_01","index":0},{"duration":2,"tweened":false,"pivot":[21,10.5],"loc":[0,10.5],"ref":"chicken_02","index":2},{"duration":2,"tweened":false,"pivot":[21,10.5],"loc":[0,10.5],"ref":"chicken_03","index":4},{"duration":2,"tweened":false,"pivot":[21,10.5],"loc":[0,10.5],"ref":"chicken_04","index":6},{"duration":2,"tweened":false,"pivot":[21,10.5],"loc":[0,10.5],"ref":"chicken_05","index":8}]},{"name":"Layer_2","keyframes":[{"duration":1,"index":0}]}],"id":"enemy_chicken_ship_gun_1"},{"layers":[{"name":"Layer_4","keyframes":[{"duration":4,"tweened":false,"loc":[48,-30],"ref":"anim_partial_flame","index":0}]},{"name":"chicken_gun_1","keyframes":[{"duration":4,"tweened":false,"loc":[-13,-11],"ref":"chicken_05","index":0}]},{"name":"Layer_3","keyframes":[{"duration":4,"tweened":false,"loc":[2,-52],"ref":"chicken_08","index":0}]},{"name":"Layer_5","keyframes":[{"duration":4,"tweened":false,"loc":[-9,-58],"ref":"anim_partial_pilot_v","index":0}]},{"name":"Layer_1","keyframes":[{"duration":2,"tweened":false,"pivot":[46,25],"loc":[19,-36],"ref":"ship_01","index":0},{"duration":2,"tweened":false,"pivot":[46,25],"loc":[19,-36],"ref":"ship_02","index":2}]}],"id":"enemy_chicken_ship_idle"},{"layers":[{"name":"Layer_4","keyframes":[{"duration":4,"tweened":false,"loc":[48,-30],"ref":"anim_partial_flame","index":0}]},{"name":"chicken_gun_1","keyframes":[{"duration":4,"tweened":false,"loc":[8,-11],"ref":"enemy_chicken_ship_gun_1","index":0}]},{"name":"Layer_3","keyframes":[{"duration":4,"tweened":false,"loc":[2,-52],"ref":"chicken_08","index":0}]},{"name":"Layer_5","keyframes":[{"duration":4,"tweened":false,"loc":[-9,-58],"ref":"anim_partial_pilot_v","index":0}]},{"name":"Layer_1","keyframes":[{"duration":2,"tweened":false,"pivot":[46,25],"loc":[19,-36],"ref":"ship_01","index":0},{"duration":2,"tweened":false,"pivot":[46,25],"loc":[19,-36],"ref":"ship_02","index":2}]}],"id":"enemy_chicken_ship_shoot"},{"layers":[{"name":"Layer_2","keyframes":[{"scale":[1.7862,2.6741],"duration":1,"tweened":false,"pivot":[-0.4,-0.4],"loc":[-11.0645,-14.1196],"ref":"generic_collider","index":0}]}],"id":"enemy_meteor_1_colliders"},{"layers":[{"flipbook":true,"name":"flipbook","keyframes":[{"duration":2,"tweened":false,"pivot":[16,17],"ref":"enemy_meteor_1_idle_flipbook_0","index":0},{"duration":2,"tweened":false,"pivot":[16,17],"ref":"enemy_meteor_1_idle_flipbook_2","index":2},{"duration":2,"tweened":false,"pivot":[16,17],"ref":"enemy_meteor_1_idle_flipbook_4","index":4},{"duration":2,"tweened":false,"pivot":[16,17],"ref":"enemy_meteor_1_idle_flipbook_6","index":6},{"duration":2,"tweened":false,"pivot":[16,17],"ref":"enemy_meteor_1_idle_flipbook_8","index":8},{"duration":2,"tweened":false,"pivot":[16,17],"ref":"enemy_meteor_1_idle_flipbook_10","index":10}]}],"id":"enemy_meteor_1_idle"},{"layers":[{"name":"Layer_2","keyframes":[{"scale":[1.7357,1.4182],"duration":1,"tweened":false,"pivot":[-0.05,-0.05],"loc":[-9.1868,-8.2209],"ref":"generic_collider","index":0}]}],"id":"enemy_meteor_2_colliders"},{"layers":[{"flipbook":true,"name":"flipbook","keyframes":[{"duration":2,"tweened":false,"pivot":[14,13],"ref":"enemy_meteor_2_idle_flipbook_0","index":0},{"duration":2,"tweened":false,"pivot":[14,13],"ref":"enemy_meteor_2_idle_flipbook_2","index":2},{"duration":2,"tweened":false,"pivot":[14,13],"ref":"enemy_meteor_2_idle_flipbook_4","index":4},{"duration":2,"tweened":false,"pivot":[14,13],"ref":"enemy_meteor_2_idle_flipbook_6","index":6},{"duration":2,"tweened":false,"pivot":[14,13],"ref":"enemy_meteor_2_idle_flipbook_8","index":8},{"duration":2,"tweened":false,"pivot":[14,13],"ref":"enemy_meteor_2_idle_flipbook_10","index":10}]}],"id":"enemy_meteor_2_idle"},{"layers":[{"name":"Layer_2","keyframes":[{"scale":[2.0364,2.1096],"duration":1,"tweened":false,"pivot":[-0.05,-0.05],"loc":[-11.2018,-11.0055],"ref":"generic_collider","index":0}]}],"id":"enemy_meteor_3_colliders"},{"layers":[{"flipbook":true,"name":"flipbook","keyframes":[{"duration":2,"tweened":false,"pivot":[17,16],"ref":"enemy_meteor_3_idle_flipbook_0","index":0},{"duration":2,"tweened":false,"pivot":[17,16],"ref":"enemy_meteor_3_idle_flipbook_2","index":2},{"duration":2,"tweened":false,"pivot":[17,16],"ref":"enemy_meteor_3_idle_flipbook_4","index":4},{"duration":2,"tweened":false,"pivot":[17,16],"ref":"enemy_meteor_3_idle_flipbook_6","index":6},{"duration":2,"tweened":false,"pivot":[17,16],"ref":"enemy_meteor_3_idle_flipbook_8","index":8},{"duration":2,"tweened":false,"pivot":[17,16],"ref":"enemy_meteor_3_idle_flipbook_10","index":10}]}],"id":"enemy_meteor_3_idle"},{"layers":[{"flipbook":true,"name":"flipbook","keyframes":[{"duration":2,"tweened":false,"pivot":[28,40],"ref":"enemy_portal_closes_flipbook_0","index":0},{"duration":2,"tweened":false,"pivot":[28,40],"ref":"enemy_portal_closes_flipbook_2","index":2},{"duration":2,"tweened":false,"pivot":[28,40],"ref":"enemy_portal_closes_flipbook_4","index":4},{"duration":2,"tweened":false,"pivot":[28,40],"ref":"enemy_portal_closes_flipbook_6","index":6},{"duration":2,"tweened":false,"pivot":[25,39],"ref":"enemy_portal_closes_flipbook_8","index":8},{"duration":2,"tweened":false,"pivot":[25,39],"ref":"enemy_portal_closes_flipbook_10","index":10},{"duration":2,"tweened":false,"pivot":[25,39],"ref":"enemy_portal_closes_flipbook_12","index":12},{"duration":2,"tweened":false,"pivot":[25,39],"ref":"enemy_portal_closes_flipbook_14","index":14},{"duration":2,"tweened":false,"pivot":[25,39],"ref":"enemy_portal_closes_flipbook_16","index":16}]}],"id":"enemy_portal_closes"},{"layers":[{"name":"Layer_2","keyframes":[{"scale":[1.9735,5.0949],"duration":1,"tweened":false,"pivot":[0,-0.1],"loc":[-11.95,-25.0595],"ref":"generic_collider","index":0}]}],"id":"enemy_portal_colliders"},{"layers":[{"flipbook":true,"name":"flipbook","keyframes":[{"duration":2,"tweened":false,"pivot":[25,40],"ref":"enemy_portal_loop_flipbook_0","index":0},{"duration":2,"tweened":false,"pivot":[25,40],"ref":"enemy_portal_loop_flipbook_2","index":2},{"duration":2,"tweened":false,"pivot":[25,40],"ref":"enemy_portal_loop_flipbook_4","index":4},{"duration":2,"tweened":false,"pivot":[25,40],"ref":"enemy_portal_loop_flipbook_6","index":6},{"duration":2,"tweened":false,"pivot":[25,40],"ref":"enemy_portal_loop_flipbook_8","index":8},{"duration":2,"tweened":false,"pivot":[25,40],"ref":"enemy_portal_loop_flipbook_10","index":10}]}],"id":"enemy_portal_loop"},{"layers":[{"flipbook":true,"name":"flipbook","keyframes":[{"duration":2,"tweened":false,"pivot":[25,39],"ref":"enemy_portal_opens_flipbook_0","index":0},{"duration":2,"tweened":false,"pivot":[25,39],"ref":"enemy_portal_opens_flipbook_2","index":2},{"duration":2,"tweened":false,"pivot":[25,39],"ref":"enemy_portal_opens_flipbook_4","index":4},{"duration":2,"tweened":false,"pivot":[25,39],"ref":"enemy_portal_opens_flipbook_6","index":6},{"duration":2,"tweened":false,"pivot":[25,39],"ref":"enemy_portal_opens_flipbook_8","index":8},{"duration":2,"tweened":false,"pivot":[28,40],"ref":"enemy_portal_opens_flipbook_10","index":10},{"duration":2,"tweened":false,"pivot":[28,40],"ref":"enemy_portal_opens_flipbook_12","index":12},{"duration":2,"tweened":false,"pivot":[28,40],"ref":"enemy_portal_opens_flipbook_14","index":14},{"duration":2,"tweened":false,"pivot":[28,40],"ref":"enemy_portal_opens_flipbook_16","index":16}]}],"id":"enemy_portal_opens"},{"layers":[{"name":"Layer_2","keyframes":[{"scale":[1.5,1.5],"duration":1,"tweened":false,"pivot":[5,5],"loc":[-1.75,-0.25],"ref":"generic_collider","index":0}]}],"id":"enemy_suicide_bot_colliders"},{"layers":[{"name":"Layer_1","keyframes":[{"duration":2,"tweened":false,"pivot":[10.5,11.5],"loc":[-0.5,-1.5],"ref":"suicide_bot_03","index":0},{"duration":2,"tweened":false,"pivot":[10.5,11.5],"loc":[-0.5,-0.5],"ref":"suicide_bot_04","index":2},{"duration":2,"tweened":false,"pivot":[10.5,11.5],"loc":[-0.5,0.5],"ref":"suicide_bot_05","index":4},{"duration":2,"tweened":false,"pivot":[10.5,11.5],"loc":[-0.5,1.5],"ref":"suicide_bot_06","index":6},{"duration":2,"tweened":false,"pivot":[10.5,11.5],"loc":[-0.5,0.5],"ref":"suicide_bot_08","index":8},{"duration":2,"tweened":false,"pivot":[10.5,11.5],"loc":[-0.5,-0.5],"ref":"suicide_bot_09","index":10},{"duration":2,"tweened":false,"pivot":[10.5,11.5],"loc":[-0.5,-1.5],"ref":"suicide_bot_10","index":12},{"duration":2,"tweened":false,"pivot":[10.5,11.5],"loc":[-0.5,-2.5],"ref":"suicide_bot_11","index":14}]}],"id":"enemy_suicide_bot_idle"},{"layers":[{"flipbook":true,"name":"flipbook","keyframes":[{"duration":2,"tweened":false,"pivot":[13,14],"ref":"explosion_big_flipbook_0","index":0},{"duration":2,"tweened":false,"pivot":[27,29],"ref":"explosion_big_flipbook_2","index":2},{"duration":2,"tweened":false,"pivot":[33,33],"ref":"explosion_big_flipbook_4","index":4},{"duration":2,"tweened":false,"pivot":[34,33],"ref":"explosion_big_flipbook_6","index":6},{"duration":2,"tweened":false,"pivot":[34,35],"ref":"explosion_big_flipbook_8","index":8},{"duration":2,"tweened":false,"pivot":[33,34],"ref":"explosion_big_flipbook_10","index":10},{"duration":2,"tweened":false,"pivot":[34,35],"ref":"explosion_big_flipbook_12","index":12},{"duration":2,"tweened":false,"pivot":[34,36],"ref":"explosion_big_flipbook_14","index":14},{"duration":2,"tweened":false,"pivot":[33,34],"ref":"explosion_big_flipbook_16","index":16},{"duration":2,"tweened":false,"pivot":[33,33],"ref":"explosion_big_flipbook_18","index":18},{"duration":2,"tweened":false,"pivot":[33,32],"ref":"explosion_big_flipbook_20","index":20},{"duration":2,"tweened":false,"pivot":[33,32],"ref":"explosion_big_flipbook_22","index":22}]}],"id":"explosion_big"},{"layers":[{"flipbook":true,"name":"flipbook","keyframes":[{"duration":2,"tweened":false,"pivot":[8,8],"ref":"explosion_medium_flipbook_0","index":0},{"duration":2,"tweened":false,"pivot":[14,13],"ref":"explosion_medium_flipbook_2","index":2},{"duration":2,"tweened":false,"pivot":[12,12],"ref":"explosion_medium_flipbook_4","index":4},{"duration":2,"tweened":false,"pivot":[14,15],"ref":"explosion_medium_flipbook_6","index":6},{"duration":2,"tweened":false,"pivot":[14,15],"ref":"explosion_medium_flipbook_8","index":8},{"duration":2,"tweened":false,"pivot":[11,15],"ref":"explosion_medium_flipbook_10","index":10},{"duration":2,"tweened":false,"pivot":[7,16],"ref":"explosion_medium_flipbook_12","index":12},{"duration":2,"tweened":false,"pivot":[0,13],"ref":"explosion_medium_flipbook_14","index":14}]}],"id":"explosion_medium"},{"layers":[{"flipbook":true,"name":"flipbook","keyframes":[{"duration":2,"tweened":false,"pivot":[8,8],"ref":"explosion_medium_02_flipbook_0","index":0},{"duration":2,"tweened":false,"pivot":[14,13],"ref":"explosion_medium_02_flipbook_2","index":2},{"duration":2,"tweened":false,"pivot":[17,15],"ref":"explosion_medium_02_flipbook_4","index":4},{"duration":2,"tweened":false,"pivot":[17,16],"ref":"explosion_medium_02_flipbook_6","index":6},{"duration":2,"tweened":false,"pivot":[17,12],"ref":"explosion_medium_02_flipbook_8","index":8},{"duration":2,"tweened":false,"pivot":[16,13],"ref":"explosion_medium_02_flipbook_10","index":10},{"duration":2,"tweened":false,"pivot":[17,18],"ref":"explosion_medium_02_flipbook_12","index":12},{"duration":2,"tweened":false,"pivot":[-5,-5],"ref":"explosion_medium_02_flipbook_14","index":14}]}],"id":"explosion_medium_02"},{"layers":[{"name":"healthbar_bg","keyframes":[{"duration":13,"tweened":false,"pivot":[72,22.5],"loc":[72,-4.5],"ref":"healthbar_bg","index":0}]},{"name":"healthbar_item","keyframes":[{"duration":1,"index":0},{"duration":12,"tweened":false,"loc":[45,-9],"ref":"healthbar_item","index":1}]},{"name":"healthbar_item","keyframes":[{"duration":2,"index":0},{"duration":11,"tweened":false,"loc":[53,-9],"ref":"healthbar_item","index":2}]},{"name":"healthbar_item","keyframes":[{"duration":3,"index":0},{"duration":10,"tweened":false,"loc":[61,-9],"ref":"healthbar_item","index":3}]},{"name":"healthbar_item","keyframes":[{"duration":4,"index":0},{"duration":9,"tweened":false,"loc":[69,-9],"ref":"healthbar_item","index":4}]},{"name":"healthbar_item","keyframes":[{"duration":5,"index":0},{"duration":8,"tweened":false,"loc":[77,-9],"ref":"healthbar_item","index":5}]},{"name":"healthbar_item","keyframes":[{"duration":6,"index":0},{"duration":7,"tweened":false,"loc":[85,-9],"ref":"healthbar_item","index":6}]},{"name":"healthbar_item","keyframes":[{"duration":7,"index":0},{"duration":6,"tweened":false,"loc":[93,-9],"ref":"healthbar_item","index":7}]},{"name":"healthbar_item","keyframes":[{"duration":8,"index":0},{"duration":5,"tweened":false,"loc":[101,-9],"ref":"healthbar_item","index":8}]},{"name":"healthbar_item","keyframes":[{"duration":9,"index":0},{"duration":4,"tweened":false,"loc":[109,-9],"ref":"healthbar_item","index":9}]},{"name":"healthbar_item","keyframes":[{"duration":10,"index":0},{"duration":3,"tweened":false,"loc":[117,-9],"ref":"healthbar_item","index":10}]},{"name":"healthbar_item","keyframes":[{"duration":11,"index":0},{"duration":2,"tweened":false,"loc":[125,-9],"ref":"healthbar_item","index":11}]},{"name":"healthbar_item","keyframes":[{"duration":12,"index":0},{"duration":1,"tweened":false,"loc":[133,-9],"ref":"healthbar_item","index":12}]}],"id":"healthbar"},{"layers":[{"name":"background","keyframes":[{"duration":1,"tweened":false,"pivot":[0,250],"loc":[0,-250],"ref":"background","index":0}]}],"id":"layer_back_a_1_x_500"},{"layers":[{"flipbook":true,"name":"flipbook","keyframes":[{"duration":2,"tweened":false,"pivot":[9.3,15.5],"ref":"meteor_debris_flipbook_0","index":0},{"duration":2,"tweened":false,"pivot":[21.35,16.5],"ref":"meteor_debris_flipbook_2","index":2},{"duration":2,"tweened":false,"pivot":[38.3,16.5],"ref":"meteor_debris_flipbook_4","index":4},{"duration":2,"tweened":false,"pivot":[53.35,16.55],"ref":"meteor_debris_flipbook_6","index":6},{"duration":2,"tweened":false,"pivot":[59.3,16.55],"ref":"meteor_debris_flipbook_8","index":8},{"duration":2,"tweened":false,"pivot":[59.25,16.5],"ref":"meteor_debris_flipbook_10","index":10},{"duration":2,"tweened":false,"pivot":[59.3,14.5],"ref":"meteor_debris_flipbook_12","index":12},{"duration":2,"tweened":false,"pivot":[41.35,-8.5],"ref":"meteor_debris_flipbook_14","index":14}]}],"id":"meteor_debris"},{"layers":[{"flipbook":true,"name":"flipbook","keyframes":[{"duration":2,"tweened":false,"pivot":[21,19],"ref":"meteor_impact_flipbook_0","index":0},{"duration":2,"tweened":false,"pivot":[22,25],"ref":"meteor_impact_flipbook_2","index":2},{"duration":2,"tweened":false,"pivot":[28,29],"ref":"meteor_impact_flipbook_4","index":4},{"duration":2,"tweened":false,"pivot":[32,33],"ref":"meteor_impact_flipbook_6","index":6},{"duration":2,"tweened":false,"pivot":[35,36],"ref":"meteor_impact_flipbook_8","index":8},{"duration":2,"tweened":false,"pivot":[33,30],"ref":"meteor_impact_flipbook_10","index":10},{"duration":2,"tweened":false,"pivot":[31,29],"ref":"meteor_impact_flipbook_12","index":12},{"duration":2,"tweened":false,"pivot":[21,24],"ref":"meteor_impact_flipbook_14","index":14},{"duration":2,"tweened":false,"pivot":[12,24],"ref":"meteor_impact_flipbook_16","index":16}]}],"id":"meteor_impact"},{"layers":[{"name":"Layer_1","keyframes":[{"duration":2,"tweened":false,"pivot":[21.5,8],"ref":"missile_01","index":0},{"duration":2,"tweened":false,"pivot":[21.5,8],"ref":"missile_02","index":2},{"duration":2,"tweened":false,"pivot":[21.5,8],"ref":"missile_03","index":4},{"duration":2,"tweened":false,"pivot":[21.5,8],"ref":"missile_04","index":6}]}],"id":"missile"},{"layers":[{"name":"Layer_2","keyframes":[{"scale":[2.6603,0.96],"duration":1,"tweened":false,"pivot":[4.9,5],"loc":[-6.9647,-0.15],"ref":"generic_collider","index":0}]}],"id":"missile_colliders"},{"layers":[{"flipbook":true,"name":"flipbook","keyframes":[{"duration":2,"tweened":false,"pivot":[46.5,41.9],"ref":"player_blackhole_death_flipbook_0","index":0},{"duration":2,"tweened":false,"pivot":[46.5,41.9],"ref":"player_blackhole_death_flipbook_2","index":2},{"duration":2,"tweened":false,"pivot":[46.5,41.9],"ref":"player_blackhole_death_flipbook_4","index":4},{"duration":2,"tweened":false,"pivot":[46.5,41.9],"ref":"player_blackhole_death_flipbook_6","index":6},{"duration":2,"tweened":false,"pivot":[41.5,39.45],"ref":"player_blackhole_death_flipbook_8","index":8},{"duration":2,"tweened":false,"pivot":[35.55,36],"ref":"player_blackhole_death_flipbook_10","index":10},{"duration":2,"tweened":false,"pivot":[18.45,18.35],"ref":"player_blackhole_death_flipbook_12","index":12},{"duration":2,"tweened":false,"pivot":[26,17.55],"ref":"player_blackhole_death_flipbook_14","index":14},{"duration":2,"tweened":false,"pivot":[8.4,13.85],"ref":"player_blackhole_death_flipbook_16","index":16},{"duration":2,"tweened":false,"pivot":[-4.15,11.05],"ref":"player_blackhole_death_flipbook_18","index":18},{"duration":2,"tweened":false,"pivot":[-40.7,-6.55],"ref":"player_blackhole_death_flipbook_20","index":20}]}],"id":"player_blackhole_death"},{"layers":[{"name":"Layer_6","keyframes":[{"scale":[5.9981,4.4024],"duration":15,"tweened":false,"pivot":[-0.2,-0.1],"loc":[-34.1996,-19.4402],"ref":"generic_collider","index":0}]},{"name":"Layer_4","keyframes":[{"scale":[1.2004,2.0999],"duration":15,"tweened":false,"pivot":[-0.1,-0.05],"loc":[26.88,-0.105],"ref":"generic_collider","index":0}]},{"name":"Layer_5","keyframes":[{"scale":[2.498,1.0991],"duration":15,"tweened":false,"pivot":[-0.15,-0.15],"loc":[-7.3247,-30.1649],"ref":"generic_collider","index":0}]}],"id":"player_colliders"},{"layers":[{"name":"Layer_1","keyframes":[{"duration":1,"tweened":false,"pivot":[21,10.5],"loc":[0,-10.5],"ref":"players_ship_13","index":0},{"duration":2,"tweened":false,"pivot":[21,10.5],"loc":[0,-10.5],"ref":"players_ship_17","index":1},{"duration":2,"tweened":false,"pivot":[21,10.5],"loc":[0,-10.5],"ref":"players_ship_20","index":3},{"duration":2,"tweened":false,"pivot":[21,10.5],"loc":[0,-10.5],"ref":"players_ship_24","index":5},{"duration":2,"tweened":false,"pivot":[21,10.5],"loc":[0,-10.5],"ref":"players_ship_27","index":7}]}],"id":"player_gun_1_down"},{"layers":[{"name":"Layer_1","keyframes":[{"duration":1,"tweened":false,"pivot":[21,10.5],"loc":[0,-10.5],"ref":"players_ship_12","index":0},{"duration":2,"tweened":false,"pivot":[21,10.5],"loc":[0,-10.5],"ref":"players_ship_16","index":1},{"duration":2,"tweened":false,"pivot":[21,10.5],"loc":[0,-10.5],"ref":"players_ship_19","index":3},{"duration":2,"tweened":false,"pivot":[21,10.5],"loc":[0,-10.5],"ref":"players_ship_23","index":5},{"duration":2,"tweened":false,"pivot":[21,10.5],"loc":[0,-10.5],"ref":"players_ship_26","index":7}]}],"id":"player_gun_1_normal"},{"layers":[{"name":"Layer_1","keyframes":[{"duration":1,"tweened":false,"pivot":[21,10.5],"loc":[0,-10.5],"ref":"players_ship_14","index":0},{"duration":2,"tweened":false,"pivot":[21,10.5],"loc":[0,-10.5],"ref":"players_ship_18","index":1},{"duration":2,"tweened":false,"pivot":[21,10.5],"loc":[0,-10.5],"ref":"players_ship_21","index":3},{"duration":2,"tweened":false,"pivot":[21,10.5],"loc":[0,-10.5],"ref":"players_ship_25","index":5},{"duration":2,"tweened":false,"pivot":[21,10.5],"loc":[0,-10.5],"ref":"players_ship_28","index":7}]}],"id":"player_gun_1_up"},{"layers":[{"name":"Layer_1","keyframes":[{"duration":3,"tweened":false,"pivot":[21,10.5],"loc":[1,-8.5],"ref":"weapon_shotgun_06","index":0},{"duration":2,"tweened":false,"pivot":[21,10.5],"loc":[-1,-8.5],"ref":"weapon_shotgun_09","index":3},{"duration":2,"tweened":false,"pivot":[21,10.5],"loc":[0,-8.5],"ref":"weapon_shotgun_08","index":5},{"duration":2,"tweened":false,"pivot":[21,10.5],"loc":[1,-8.5],"ref":"weapon_shotgun_07","index":7}]},{"name":"weapon_shotgun_10","keyframes":[{"duration":3,"index":0},{"duration":2,"tweened":false,"loc":[35,-24],"ref":"weapon_shotgun_10","index":3},{"duration":4,"index":5}]},{"name":"weapon_shotgun_10","keyframes":[{"duration":3,"index":0},{"duration":2,"tweened":false,"loc":[35,0],"ref":"weapon_shotgun_10","index":3,"skew":[-3.1416,0]},{"duration":4,"index":5}]},{"name":"Layer_2","keyframes":[{"duration":1,"index":0},{"duration":2,"tweened":false,"loc":[26,-22],"ref":"weapon_shotgun_05","index":1},{"duration":6,"index":3}]}],"id":"player_gun_2_down"},{"layers":[{"name":"Layer_1","keyframes":[{"duration":3,"tweened":false,"pivot":[21,10.5],"loc":[0,-8.5],"ref":"weapon_shotgun_01","index":0},{"duration":2,"tweened":false,"pivot":[21,10.5],"loc":[-2,-8.5],"ref":"weapon_shotgun_04","index":3},{"duration":2,"tweened":false,"pivot":[21,10.5],"loc":[-1,-8.5],"ref":"weapon_shotgun_03","index":5},{"duration":2,"tweened":false,"pivot":[21,10.5],"loc":[0,-8.5],"ref":"weapon_shotgun_02","index":7}]},{"name":"weapon_shotgun_10","keyframes":[{"duration":3,"index":0},{"duration":2,"tweened":false,"loc":[35,-24],"ref":"weapon_shotgun_10","index":3},{"duration":4,"index":5}]},{"name":"weapon_shotgun_10","keyframes":[{"duration":3,"index":0},{"duration":2,"tweened":false,"loc":[35,0],"ref":"weapon_shotgun_10","index":3,"skew":[-3.1416,0]},{"duration":4,"index":5}]},{"name":"Layer_2","keyframes":[{"duration":1,"index":0},{"duration":2,"tweened":false,"loc":[26,-22],"ref":"weapon_shotgun_05","index":1},{"duration":6,"index":3}]}],"id":"player_gun_2_normal"},{"layers":[{"name":"Layer_1","keyframes":[{"duration":3,"tweened":false,"pivot":[21,10.5],"loc":[1,-8.5],"ref":"weapon_shotgun_12","index":0},{"duration":2,"tweened":false,"pivot":[21,10.5],"loc":[-1,-8.5],"ref":"weapon_shotgun_15","index":3},{"duration":2,"tweened":false,"pivot":[21,10.5],"loc":[0,-8.5],"ref":"weapon_shotgun_14","index":5},{"duration":2,"tweened":false,"pivot":[21,10.5],"loc":[1,-8.5],"ref":"weapon_shotgun_13","index":7}]},{"name":"weapon_shotgun_10","keyframes":[{"duration":3,"index":0},{"duration":2,"tweened":false,"loc":[35,-23],"ref":"weapon_shotgun_10","index":3},{"duration":4,"index":5}]},{"name":"weapon_shotgun_10","keyframes":[{"duration":3,"index":0},{"duration":2,"tweened":false,"loc":[35,1],"ref":"weapon_shotgun_10","index":3,"skew":[-3.1416,0]},{"duration":4,"index":5}]},{"name":"Layer_2","keyframes":[{"duration":1,"index":0},{"duration":2,"tweened":false,"loc":[27,-20],"ref":"weapon_shotgun_05","index":1},{"duration":6,"index":3}]}],"id":"player_gun_2_up"},{"layers":[{"name":"Layer_1","keyframes":[{"duration":2,"tweened":false,"pivot":[21,10.5],"loc":[-6,-29.5],"ref":"weapon_shark_09","index":0},{"duration":6,"tweened":false,"pivot":[21,10.5],"loc":[-9,-29.5],"ref":"weapon_shark_11","index":2},{"duration":2,"tweened":false,"pivot":[21,10.5],"loc":[-7,-29.5],"ref":"weapon_shark_10","index":8}]},{"name":"weapon_shotgun_10","keyframes":[{"duration":1,"index":0},{"duration":4,"tweened":false,"loc":[5,-31],"ref":"weapon_shark_07","index":1},{"duration":5,"index":5}]},{"name":"weapon_shotgun_10","keyframes":[{"duration":2,"index":0},{"duration":2,"tweened":false,"loc":[-44,-23],"ref":"weapon_shark_14","index":2},{"duration":2,"tweened":false,"loc":[-48,-23],"ref":"weapon_shark_15","index":4},{"duration":2,"tweened":false,"loc":[-49,-27],"ref":"weapon_shark_20","index":6},{"duration":1,"tweened":false,"loc":[-51,-28],"ref":"weapon_shark_21","index":8},{"duration":1,"tweened":false,"loc":[-52,-28],"ref":"weapon_shark_16","index":9}]},{"name":"Layer_2","keyframes":[{"duration":2,"index":0},{"duration":4,"tweened":false,"loc":[-6,-23],"ref":"weapon_shark_24","index":2},{"duration":4,"index":6}]}],"id":"player_gun_3_down"},{"layers":[{"name":"Layer_1","keyframes":[{"duration":2,"tweened":false,"pivot":[21,10.5],"loc":[-6,-27.5],"ref":"weapon_shark_01","index":0},{"duration":6,"tweened":false,"pivot":[21,10.5],"loc":[-9,-27.5],"ref":"weapon_shark_03","index":2},{"duration":2,"tweened":false,"pivot":[21,10.5],"loc":[-7,-27.5],"ref":"weapon_shark_02","index":8}]},{"name":"weapon_shotgun_10","keyframes":[{"duration":1,"index":0},{"duration":4,"tweened":false,"loc":[3,-27],"ref":"weapon_shark_05","index":1},{"duration":5,"index":5}]},{"name":"weapon_shotgun_10","keyframes":[{"duration":2,"index":0},{"duration":2,"tweened":false,"loc":[-44,-23],"ref":"weapon_shark_14","index":2},{"duration":2,"tweened":false,"loc":[-48,-23],"ref":"weapon_shark_15","index":4},{"duration":2,"tweened":false,"loc":[-49,-27],"ref":"weapon_shark_20","index":6},{"duration":1,"tweened":false,"loc":[-51,-28],"ref":"weapon_shark_21","index":8},{"duration":1,"tweened":false,"loc":[-52,-28],"ref":"weapon_shark_16","index":9}]},{"name":"Layer_2","keyframes":[{"duration":2,"index":0},{"duration":4,"tweened":false,"loc":[-7,-23],"ref":"weapon_shark_24","index":2},{"duration":4,"index":6}]}],"id":"player_gun_3_normal"},{"layers":[{"name":"Layer_1","keyframes":[{"duration":2,"tweened":false,"pivot":[21,10.5],"loc":[-6,-25.5],"ref":"weapon_shark_17","index":0},{"duration":6,"tweened":false,"pivot":[21,10.5],"loc":[-9,-25.5],"ref":"weapon_shark_19","index":2},{"duration":2,"tweened":false,"pivot":[21,10.5],"loc":[-7,-25.5],"ref":"weapon_shark_18","index":8}]},{"name":"weapon_shotgun_10","keyframes":[{"duration":1,"index":0},{"duration":4,"tweened":false,"loc":[3,-28],"ref":"weapon_shark_13","index":1},{"duration":5,"index":5}]},{"name":"weapon_shotgun_10","keyframes":[{"duration":2,"index":0},{"duration":2,"tweened":false,"loc":[-44,-20],"ref":"weapon_shark_14","index":2},{"duration":2,"tweened":false,"loc":[-48,-20],"ref":"weapon_shark_15","index":4},{"duration":2,"tweened":false,"loc":[-49,-24],"ref":"weapon_shark_20","index":6},{"duration":1,"tweened":false,"loc":[-51,-25],"ref":"weapon_shark_21","index":8},{"duration":1,"tweened":false,"loc":[-52,-25],"ref":"weapon_shark_16","index":9}]},{"name":"Layer_2","keyframes":[{"duration":2,"index":0},{"duration":4,"tweened":false,"loc":[-7,-23],"ref":"weapon_shark_24","index":2},{"duration":4,"index":6}]}],"id":"player_gun_3_up"},{"layers":[{"name":"Layer_2","keyframes":[{"duration":15,"tweened":false,"loc":[-6,-13],"ref":"players_ship_04","index":0}]},{"name":"Layer_3","keyframes":[{"duration":8,"tweened":false,"loc":[-3,-16],"ref":"players_ship_09","index":0},{"duration":7,"tweened":false,"loc":[-3,-15],"ref":"players_ship_09","index":8}]},{"name":"anim_partial_flame_idle","keyframes":[{"duration":15,"tweened":false,"loc":[-31,8],"ref":"anim_partial_flame_idle","index":0}]},{"name":"anim_partial_flame_idle","keyframes":[{"duration":15,"tweened":false,"loc":[-31,-11],"ref":"anim_partial_flame_idle","index":0}]},{"name":"Layer_1","keyframes":[{"duration":15,"tweened":false,"pivot":[39,30.5],"loc":[0,0.5],"ref":"players_ship_22","index":0}]},{"name":"player_lvl1_gun_holder","keyframes":[{"duration":15,"tweened":false,"pivot":[1,1],"loc":[8,-22],"ref":"holder_player_gun","index":0}]},{"name":"Layer_6","keyframes":[{"duration":15,"index":0}]}],"id":"player_idle"},{"layers":[{"name":"Layer_2","keyframes":[{"duration":1,"tweened":false,"loc":[-6,-13],"ref":"players_ship_04","index":0}]},{"name":"Layer_3","keyframes":[{"duration":1,"tweened":false,"loc":[-4,-16],"ref":"players_ship_09","index":0}]},{"name":"anim_partial_flame_idle","keyframes":[{"duration":1,"tweened":false,"loc":[-31,9],"ref":"anim_partial_flame_move","index":0}]},{"name":"anim_partial_flame_idle","keyframes":[{"duration":1,"tweened":false,"loc":[-31,-10],"ref":"anim_partial_flame_move","index":0}]},{"name":"Layer_1","keyframes":[{"duration":1,"tweened":false,"pivot":[39,30.5],"loc":[0,0.5],"ref":"players_ship_11","index":0}]},{"name":"Layer_6","keyframes":[{"duration":1,"index":0}]},{"name":"player_lvl1_gun_holder","keyframes":[{"duration":1,"tweened":false,"pivot":[1,1],"loc":[8,-21],"ref":"holder_player_gun","index":0}]}],"id":"player_move_down"},{"layers":[{"name":"Layer_2","keyframes":[{"duration":1,"tweened":false,"loc":[-6,-13],"ref":"players_ship_04","index":0}]},{"name":"Layer_3","keyframes":[{"duration":1,"tweened":false,"loc":[-3,-16],"ref":"players_ship_09","index":0}]},{"name":"anim_partial_flame_idle","keyframes":[{"duration":1,"tweened":false,"loc":[-31,8],"ref":"anim_partial_flame_move","index":0}]},{"name":"anim_partial_flame_idle","keyframes":[{"duration":1,"tweened":false,"loc":[-31,-11],"ref":"anim_partial_flame_move","index":0}]},{"name":"Layer_1","keyframes":[{"duration":1,"tweened":false,"pivot":[39,30.5],"loc":[0,0.5],"ref":"players_ship_22","index":0}]},{"name":"player_lvl1_gun_holder","keyframes":[{"duration":1,"tweened":false,"pivot":[1,1],"loc":[8,-22],"ref":"holder_player_gun","index":0}]},{"name":"Layer_6","keyframes":[{"duration":1,"index":0}]}],"id":"player_move_left_right"},{"layers":[{"name":"player_lvl1_gun_holder","keyframes":[{"duration":1,"tweened":false,"pivot":[1,1],"loc":[8,-22],"ref":"holder_player_gun","index":0}]},{"name":"Layer_2","keyframes":[{"duration":1,"tweened":false,"loc":[-6,-14],"ref":"players_ship_04","index":0}]},{"name":"Layer_3","keyframes":[{"duration":1,"tweened":false,"loc":[-2,-16],"ref":"players_ship_09","index":0}]},{"name":"anim_partial_flame_idle","keyframes":[{"duration":1,"tweened":false,"loc":[-31,8],"ref":"anim_partial_flame_move","index":0}]},{"name":"anim_partial_flame_idle","keyframes":[{"duration":1,"tweened":false,"loc":[-31,-11],"ref":"anim_partial_flame_move","index":0}]},{"name":"Layer_1","keyframes":[{"duration":1,"tweened":false,"pivot":[39,30.5],"loc":[0,0.5],"ref":"players_ship_30","index":0}]},{"name":"Layer_6","keyframes":[{"duration":1,"index":0}]}],"id":"player_move_up"},{"layers":[{"name":"Layer_1","keyframes":[{"duration":2,"tweened":false,"pivot":[21.5,8],"ref":"weapon_shark_04","index":0,"skew":[0,3.1416]},{"duration":2,"tweened":false,"pivot":[21.5,8],"ref":"weapon_shark_06","index":2,"skew":[0,3.1416]},{"duration":2,"tweened":false,"pivot":[21.5,8],"ref":"weapon_shark_08","index":4,"skew":[0,3.1416]},{"duration":2,"tweened":false,"pivot":[21.5,8],"ref":"weapon_shark_12","index":6,"skew":[0,3.1416]}]}],"id":"player_projectile_rocket"},{"layers":[{"name":"Layer_2","keyframes":[{"scale":[2.6603,0.96],"duration":1,"tweened":false,"pivot":[4.9,5],"loc":[-6.9647,-0.15],"ref":"generic_collider","index":0}]}],"id":"player_projectile_rocket_colliders"},{"layers":[{"name":"Layer_1","keyframes":[{"duration":2,"tweened":false,"pivot":[19.5,26],"loc":[-0.5,-7],"ref":"powerup_01","index":0},{"duration":2,"tweened":false,"pivot":[19.5,26],"loc":[-0.5,-7],"ref":"powerup_02","index":2},{"duration":2,"tweened":false,"pivot":[19.5,26],"loc":[-0.5,-7],"ref":"powerup_03","index":4},{"duration":2,"tweened":false,"pivot":[19.5,26],"loc":[-0.5,-7],"ref":"powerup_04","index":6},{"duration":2,"tweened":false,"pivot":[19.5,26],"loc":[-0.5,-7],"ref":"powerup_05","index":8},{"duration":2,"tweened":false,"pivot":[19.5,26],"loc":[-0.5,-7],"ref":"powerup_06","index":10},{"duration":2,"tweened":false,"pivot":[19.5,26],"loc":[-0.5,-7],"ref":"powerup_07","index":12},{"duration":2,"tweened":false,"pivot":[19.5,26],"loc":[-0.5,-7],"ref":"powerup_08","index":14},{"duration":2,"tweened":false,"pivot":[19.5,26],"loc":[-0.5,-7],"ref":"powerup_09","index":16},{"duration":2,"tweened":false,"pivot":[19.5,26],"loc":[-0.5,-7],"ref":"powerup_10","index":18},{"duration":2,"tweened":false,"pivot":[19.5,26],"loc":[-0.5,-7],"ref":"powerup_05","index":20},{"duration":2,"tweened":false,"pivot":[19.5,26],"loc":[-0.5,-7],"ref":"powerup_06","index":22}]}],"id":"powerup"},{"layers":[{"name":"Layer_2","keyframes":[{"scale":[3,3],"duration":1,"tweened":false,"loc":[-15,-15.5],"ref":"generic_collider","index":0}]}],"id":"powerup_colliders"},{"layers":[{"name":"Layer_2","keyframes":[{"scale":[1.5,1.5],"duration":1,"tweened":false,"pivot":[5,5],"loc":[0.5,-0.25],"ref":"generic_collider","index":0}]}],"id":"projectile_blaster_colliders"},{"layers":[{"name":"Layer_2","keyframes":[{"scale":[1.5,1.5],"duration":1,"tweened":false,"pivot":[5,5],"loc":[0.5,-0.25],"ref":"generic_collider","index":0}]}],"id":"projectile_chicken_ship_colliders"},{"layers":[{"flipbook":true,"name":"flipbook","keyframes":[{"duration":3,"tweened":false,"pivot":[26,20],"ref":"special_portal_open_flipbook_0","index":0},{"duration":3,"tweened":false,"pivot":[33,18],"ref":"special_portal_open_flipbook_3","index":3},{"duration":2,"tweened":false,"pivot":[26,20],"ref":"special_portal_open_flipbook_6","index":6}]}],"id":"special_portal_open"}],"isNamespaced":false,"md5":"22c65b5671be21cb4cae2f8385d48464","textureGroups":[{"atlases":[{"textures":[{"origin":[0,250],"rect":[5,5,500,500],"symbol":"background"},{"origin":[0,0],"rect":[515,5,250,250],"symbol":"game1_starchunks_2"},{"origin":[0,0],"rect":[515,265,250,250],"symbol":"game1_starchunks_1"},{"origin":[0,0],"rect":[5,515,249,221],"symbol":"game1_top_starchunks_3"},{"origin":[0,0],"rect":[264,525,249,212],"symbol":"game1_top_starchunks_1"},{"origin":[0,0],"rect":[5,746,220,239],"symbol":"game1_top_starchunks_2"},{"origin":[0,0],"rect":[775,5,213,224],"symbol":"game1_top_starchunks_4"},{"origin":[191,71],"rect":[523,525,382,71],"symbol":"game1_big_planet"},{"origin":[62.5,62.5],"rect":[775,239,125,125],"symbol":"touchpad_ring"},{"origin":[54.5,54.5],"rect":[910,239,109,109],"symbol":"button_shoot"},{"origin":[46.5,41.9],"rect":[910,358,102,83],"symbol":"player_blackhole_death_flipbook_4"},{"origin":[46.5,41.9],"rect":[775,374,102,83],"symbol":"player_blackhole_death_flipbook_0"},{"origin":[46.5,41.9],"rect":[915,451,102,83],"symbol":"player_blackhole_death_flipbook_6"},{"origin":[46.5,41.9],"rect":[915,544,102,83],"symbol":"player_blackhole_death_flipbook_2"},{"origin":[41.5,39.45],"rect":[523,606,97,70],"symbol":"player_blackhole_death_flipbook_8"},{"origin":[0,0],"rect":[630,606,144,47],"symbol":"healthbar_bg"},{"origin":[35.55,36],"rect":[784,606,89,64],"symbol":"player_blackhole_death_flipbook_10"},{"origin":[50,50],"rect":[883,637,88,58],"symbol":"game1_doubleplanet"},{"origin":[0,0],"rect":[630,663,78,61],"symbol":"players_ship_11"},{"origin":[0,0],"rect":[523,686,78,61],"symbol":"players_ship_30"},{"origin":[0,0],"rect":[718,680,78,61],"symbol":"players_ship_22"},{"origin":[0,0],"rect":[611,734,87,54],"symbol":"biggy_08"},{"origin":[0,0],"rect":[806,705,87,54],"symbol":"biggy_09"},{"origin":[35,36],"rect":[708,751,67,70],"symbol":"meteor_impact_flipbook_8"},{"origin":[0,0],"rect":[903,705,92,50],"symbol":"ship_02"},{"origin":[0,0],"rect":[903,765,92,50],"symbol":"ship_01"},{"origin":[34,36],"rect":[785,769,67,67],"symbol":"explosion_big_flipbook_14"},{"origin":[34,35],"rect":[862,825,67,67],"symbol":"explosion_big_flipbook_12"},{"origin":[34,35],"rect":[939,825,66,66],"symbol":"explosion_big_flipbook_8"},{"origin":[25,39],"rect":[939,901,52,83],"symbol":"enemy_portal_closes_flipbook_12"},{"origin":[25,39],"rect":[235,747,52,83],"symbol":"enemy_portal_closes_flipbook_14"},{"origin":[25,39],"rect":[297,747,52,83],"symbol":"enemy_portal_closes_flipbook_16"},{"origin":[25,39],"rect":[359,747,52,83],"symbol":"enemy_portal_closes_flipbook_10"},{"origin":[25,39],"rect":[421,747,52,83],"symbol":"enemy_portal_opens_flipbook_2"},{"origin":[28,40],"rect":[483,757,52,83],"symbol":"enemy_portal_closes_flipbook_6"},{"origin":[28,40],"rect":[545,757,52,83],"symbol":"enemy_portal_closes_flipbook_4"},{"origin":[28,40],"rect":[607,798,52,83],"symbol":"enemy_portal_closes_flipbook_2"},{"origin":[25,39],"rect":[669,831,52,83],"symbol":"enemy_portal_opens_flipbook_0"},{"origin":[25,39],"rect":[731,846,52,83],"symbol":"enemy_portal_opens_flipbook_6"},{"origin":[28,40],"rect":[793,846,52,83],"symbol":"enemy_portal_closes_flipbook_0"},{"origin":[25,39],"rect":[855,902,52,83],"symbol":"enemy_portal_opens_flipbook_4"},{"origin":[25,39],"rect":[917,994,52,83],"symbol":"enemy_portal_opens_flipbook_8"},{"origin":[28,40],"rect":[235,840,52,83],"symbol":"enemy_portal_opens_flipbook_16"},{"origin":[25,39],"rect":[297,840,52,83],"symbol":"enemy_portal_closes_flipbook_8"},{"origin":[28,40],"rect":[359,840,52,83],"symbol":"enemy_portal_opens_flipbook_12"},{"origin":[28,40],"rect":[421,840,52,83],"symbol":"enemy_portal_opens_flipbook_10"},{"origin":[28,40],"rect":[483,850,52,83],"symbol":"enemy_portal_opens_flipbook_14"},{"origin":[33,34],"rect":[545,891,66,65],"symbol":"explosion_big_flipbook_10"},{"origin":[33,30],"rect":[621,924,67,64],"symbol":"meteor_impact_flipbook_10"},{"origin":[34,33],"rect":[698,939,66,64],"symbol":"explosion_big_flipbook_6"},{"origin":[31,29],"rect":[774,939,65,64],"symbol":"meteor_impact_flipbook_12"},{"origin":[33,33],"rect":[235,933,65,64],"symbol":"explosion_big_flipbook_4"},{"origin":[33,34],"rect":[310,933,64,63],"symbol":"explosion_big_flipbook_16"},{"origin":[32,33],"rect":[384,933,63,63],"symbol":"meteor_impact_flipbook_6"},{"origin":[33,33],"rect":[457,943,64,62],"symbol":"explosion_big_flipbook_18"},{"origin":[33,32],"rect":[531,966,62,61],"symbol":"explosion_big_flipbook_20"},{"origin":[33,32],"rect":[603,998,62,61],"symbol":"explosion_big_flipbook_22"},{"origin":[25,40],"rect":[849,995,45,79],"symbol":"enemy_portal_loop_flipbook_8"},{"origin":[25,40],"rect":[310,1006,45,79],"symbol":"enemy_portal_loop_flipbook_2"},{"origin":[25,40],"rect":[365,1006,45,79],"symbol":"enemy_portal_loop_flipbook_10"},{"origin":[25,40],"rect":[420,1015,45,79],"symbol":"enemy_portal_loop_flipbook_6"},{"origin":[25,40],"rect":[475,1015,45,79],"symbol":"enemy_portal_loop_flipbook_0"},{"origin":[25,40],"rect":[530,1037,45,79],"symbol":"enemy_portal_loop_flipbook_4"},{"origin":[28,29],"rect":[675,1013,58,59],"symbol":"meteor_impact_flipbook_4"},{"origin":[27,29],"rect":[585,1069,59,56],"symbol":"explosion_big_flipbook_2"},{"origin":[16,17],"rect":[775,467,86,36],"symbol":"enemy_meteor_1_idle_flipbook_2"},{"origin":[16,17],"rect":[743,1013,86,36],"symbol":"enemy_meteor_1_idle_flipbook_4"},{"origin":[16,17],"rect":[743,1059,86,36],"symbol":"enemy_meteor_1_idle_flipbook_6"},{"origin":[16,17],"rect":[839,1087,86,36],"symbol":"enemy_meteor_1_idle_flipbook_10"},{"origin":[16,17],"rect":[654,1105,86,36],"symbol":"enemy_meteor_1_idle_flipbook_0"},{"origin":[16,17],"rect":[5,995,86,36],"symbol":"enemy_meteor_1_idle_flipbook_8"},{"origin":[50,50],"rect":[750,1105,54,54],"symbol":"game1_bigplanet"},{"origin":[26,17.55],"rect":[935,1087,82,35],"symbol":"player_blackhole_death_flipbook_14"},{"origin":[22,25],"rect":[935,1132,50,53],"symbol":"meteor_impact_flipbook_2"},{"origin":[17,16],"rect":[814,1133,82,31],"symbol":"enemy_meteor_3_idle_flipbook_10"},{"origin":[17,16],"rect":[101,995,82,31],"symbol":"enemy_meteor_3_idle_flipbook_2"},{"origin":[17,16],"rect":[193,1007,82,31],"symbol":"enemy_meteor_3_idle_flipbook_8"},{"origin":[17,16],"rect":[101,1036,82,31],"symbol":"enemy_meteor_3_idle_flipbook_6"},{"origin":[17,16],"rect":[5,1041,82,31],"symbol":"enemy_meteor_3_idle_flipbook_0"},{"origin":[17,16],"rect":[193,1048,82,31],"symbol":"enemy_meteor_3_idle_flipbook_4"},{"origin":[0,0],"rect":[97,1077,55,46],"symbol":"biggy_32"},{"origin":[0,0],"rect":[5,1082,55,46],"symbol":"biggy_33"},{"origin":[0,0],"rect":[162,1089,55,46],"symbol":"biggy_34"},{"origin":[0,0],"rect":[227,1089,55,46],"symbol":"biggy_35"},{"origin":[18.45,18.35],"rect":[70,1133,74,34],"symbol":"player_blackhole_death_flipbook_12"},{"origin":[25,25],"rect":[5,1138,50,50],"symbol":"touchpad_handle"},{"origin":[21,19],"rect":[292,1095,51,48],"symbol":"meteor_impact_flipbook_0"},{"origin":[21,24],"rect":[353,1095,47,50],"symbol":"meteor_impact_flipbook_14"},{"origin":[0,0],"rect":[410,1104,60,39],"symbol":"weapon_shark_19"},{"origin":[0,0],"rect":[480,1126,58,40],"symbol":"weapon_shark_11"},{"origin":[0,0],"rect":[410,1153,60,38],"symbol":"weapon_shark_03"},{"origin":[0,0],"rect":[548,1135,56,40],"symbol":"weapon_shark_10"},{"origin":[0,0],"rect":[480,1176,55,40],"symbol":"weapon_shark_09"},{"origin":[0,0],"rect":[614,1151,55,39],"symbol":"weapon_shark_18"},{"origin":[0,0],"rect":[545,1185,54,39],"symbol":"weapon_shark_17"},{"origin":[0,0],"rect":[679,1151,55,38],"symbol":"weapon_shark_02"},{"origin":[0,0],"rect":[744,1169,54,38],"symbol":"weapon_shark_01"},{"origin":[0,0],"rect":[979,994,39,52],"symbol":"powerup_07"},{"origin":[0,0],"rect":[679,1199,39,52],"symbol":"powerup_03"},{"origin":[0,0],"rect":[609,1200,39,52],"symbol":"powerup_02"},{"origin":[0,0],"rect":[808,1174,39,52],"symbol":"powerup_06"},{"origin":[0,0],"rect":[728,1217,39,52],"symbol":"powerup_05"},{"origin":[0,0],"rect":[658,1261,39,52],"symbol":"powerup_04"},{"origin":[0,0],"rect":[857,1174,39,52],"symbol":"powerup_10"},{"origin":[0,0],"rect":[906,1195,39,52],"symbol":"powerup_08"},{"origin":[0,0],"rect":[955,1195,39,52],"symbol":"powerup_09"},{"origin":[0,0],"rect":[777,1236,39,52],"symbol":"powerup_01"},{"origin":[8.4,13.85],"rect":[707,1279,60,32],"symbol":"player_blackhole_death_flipbook_16"},{"origin":[59.3,16.55],"rect":[826,1236,51,34],"symbol":"meteor_debris_flipbook_8"},{"origin":[53.35,16.55],"rect":[887,1257,52,33],"symbol":"meteor_debris_flipbook_6"},{"origin":[17,18],"rect":[826,1280,39,40],"symbol":"explosion_medium_02_flipbook_12"},{"origin":[14,13],"rect":[949,1257,62,25],"symbol":"enemy_meteor_2_idle_flipbook_10"},{"origin":[14,13],"rect":[949,1292,62,25],"symbol":"enemy_meteor_2_idle_flipbook_4"},{"origin":[14,13],"rect":[875,1300,62,25],"symbol":"enemy_meteor_2_idle_flipbook_2"},{"origin":[14,13],"rect":[947,1327,62,25],"symbol":"enemy_meteor_2_idle_flipbook_0"},{"origin":[14,13],"rect":[707,1321,62,25],"symbol":"enemy_meteor_2_idle_flipbook_8"},{"origin":[14,13],"rect":[779,1330,62,25],"symbol":"enemy_meteor_2_idle_flipbook_6"},{"origin":[33,18],"rect":[851,1335,40,37],"symbol":"special_portal_open_flipbook_3"},{"origin":[0,0],"rect":[901,1362,91,16],"symbol":"biggy_12"},{"origin":[0,0],"rect":[154,1145,91,16],"symbol":"biggy_13"},{"origin":[0,0],"rect":[255,1155,91,16],"symbol":"biggy_11"},{"origin":[0,0],"rect":[154,1171,91,16],"symbol":"biggy_10"},{"origin":[0,0],"rect":[545,850,45,31],"symbol":"biggy_31"},{"origin":[38.3,16.5],"rect":[356,1155,42,33],"symbol":"meteor_debris_flipbook_4"},{"origin":[26,20],"rect":[871,467,34,40],"symbol":"special_portal_open_flipbook_6"},{"origin":[0,0],"rect":[65,1177,43,31],"symbol":"biggy_30"},{"origin":[25,25],"rect":[981,637,38,35],"symbol":"game_1_redplanet"},{"origin":[26,20],"rect":[5,1198,33,40],"symbol":"special_portal_open_flipbook_0"},{"origin":[59.25,16.5],"rect":[255,1181,41,32],"symbol":"meteor_debris_flipbook_10"},{"origin":[-4.15,11.05],"rect":[306,1198,49,26],"symbol":"player_blackhole_death_flipbook_18"},{"origin":[50,50],"rect":[365,1201,53,24],"symbol":"game1_ringplanet"},{"origin":[12,24],"rect":[118,1177,25,50],"symbol":"meteor_impact_flipbook_16"},{"origin":[0,0],"rect":[428,1201,41,29],"symbol":"weapon_shark_07"},{"origin":[25,25],"rect":[479,1226,34,34],"symbol":"game1_redplanetsingle"},{"origin":[17,34],"rect":[48,1218,34,34],"symbol":"game1_planet_smiley"},{"origin":[0,0],"rect":[523,1234,41,28],"symbol":"weapon_shark_13"},{"origin":[0,0],"rect":[574,1262,63,18],"symbol":"biggy_24"},{"origin":[0,0],"rect":[153,1197,63,18],"symbol":"biggy_23"},{"origin":[0,0],"rect":[226,1223,54,21],"symbol":"weapon_shotgun_06"},{"origin":[0,0],"rect":[153,1225,54,21],"symbol":"weapon_shotgun_07"},{"origin":[0,0],"rect":[290,1234,53,21],"symbol":"weapon_shotgun_08"},{"origin":[17,16],"rect":[5,1248,33,33],"symbol":"explosion_medium_02_flipbook_6"},{"origin":[17,15],"rect":[92,1237,34,32],"symbol":"explosion_medium_02_flipbook_4"},{"origin":[0,0],"rect":[217,1254,51,21],"symbol":"weapon_shotgun_09"},{"origin":[0,0],"rect":[353,1235,41,26],"symbol":"weapon_shark_05"},{"origin":[21.35,16.5],"rect":[48,1262,32,33],"symbol":"meteor_debris_flipbook_2"},{"origin":[0,0],"rect":[278,1265,54,19],"symbol":"weapon_shotgun_12"},{"origin":[0,0],"rect":[404,1240,54,19],"symbol":"weapon_shotgun_13"},{"origin":[0,0],"rect":[404,1269,54,19],"symbol":"weapon_shotgun_01"},{"origin":[0,0],"rect":[136,1256,54,19],"symbol":"weapon_shotgun_02"},{"origin":[0,0],"rect":[468,1272,63,16],"symbol":"biggy_14"},{"origin":[0,0],"rect":[541,1290,63,16],"symbol":"biggy_15"},{"origin":[0,0],"rect":[90,1285,53,19],"symbol":"weapon_shotgun_03"},{"origin":[0,0],"rect":[5,1305,53,19],"symbol":"weapon_shotgun_14"},{"origin":[59.3,14.5],"rect":[614,1290,32,31],"symbol":"meteor_debris_flipbook_12"},{"origin":[0,0],"rect":[342,1271,51,19],"symbol":"weapon_shotgun_04"},{"origin":[0,0],"rect":[153,1285,51,19],"symbol":"weapon_shotgun_15"},{"origin":[17,12],"rect":[656,1323,33,29],"symbol":"explosion_medium_02_flipbook_8"},{"origin":[16,13],"rect":[214,1285,32,28],"symbol":"explosion_medium_02_flipbook_10"},{"origin":[0,0],"rect":[699,1356,42,21],"symbol":"players_ship_12"},{"origin":[0,0],"rect":[256,1294,42,21],"symbol":"chicken_02"},{"origin":[0,0],"rect":[751,1365,42,21],"symbol":"chicken_03"},{"origin":[0,0],"rect":[803,1382,42,21],"symbol":"players_ship_13"},{"origin":[0,0],"rect":[403,1298,42,21],"symbol":"chicken_04"},{"origin":[0,0],"rect":[455,1298,42,21],"symbol":"players_ship_14"},{"origin":[0,0],"rect":[308,1300,42,21],"symbol":"players_ship_21"},{"origin":[0,0],"rect":[507,1316,42,21],"symbol":"players_ship_17"},{"origin":[0,0],"rect":[559,1316,42,21],"symbol":"players_ship_18"},{"origin":[0,0],"rect":[360,1329,42,21],"symbol":"chicken_05"},{"origin":[0,0],"rect":[412,1329,42,21],"symbol":"players_ship_19"},{"origin":[0,0],"rect":[68,1314,42,21],"symbol":"players_ship_20"},{"origin":[0,0],"rect":[5,1334,42,21],"symbol":"chicken_01"},{"origin":[0,0],"rect":[120,1314,42,21],"symbol":"players_ship_16"},{"origin":[0,0],"rect":[172,1323,42,21],"symbol":"biggy_gun_05"},{"origin":[0,0],"rect":[224,1325,42,21],"symbol":"biggy_gun_04"},{"origin":[0,0],"rect":[276,1331,42,21],"symbol":"biggy_gun_03"},{"origin":[0,0],"rect":[57,1345,42,21],"symbol":"biggy_gun_02"},{"origin":[0,0],"rect":[5,1365,42,21],"symbol":"biggy_gun_01"},{"origin":[0,0],"rect":[109,1345,42,21],"symbol":"players_ship_27"},{"origin":[0,0],"rect":[161,1354,42,21],"symbol":"players_ship_28"},{"origin":[0,0],"rect":[213,1356,42,21],"symbol":"players_ship_23"},{"origin":[0,0],"rect":[57,1376,42,21],"symbol":"players_ship_24"},{"origin":[0,0],"rect":[5,1396,42,21],"symbol":"players_ship_26"},{"origin":[0,0],"rect":[109,1376,42,21],"symbol":"players_ship_25"},{"origin":[14,13],"rect":[862,769,29,30],"symbol":"explosion_medium_02_flipbook_2"},{"origin":[14,13],"rect":[855,1382,29,30],"symbol":"explosion_medium_flipbook_2"},{"origin":[0,0],"rect":[979,1056,40,21],"symbol":"chicken_11"},{"origin":[0,0],"rect":[161,1385,40,21],"symbol":"chicken_12"},{"origin":[0,0],"rect":[57,1407,40,21],"symbol":"chicken_10"},{"origin":[0,0],"rect":[779,1298,35,22],"symbol":"biggy_gun_barrel_04"},{"origin":[0,0],"rect":[621,891,35,22],"symbol":"biggy_gun_barrel_02"},{"origin":[0,0],"rect":[611,1331,34,22],"symbol":"biggy_gun_barrel_01"},{"origin":[0,0],"rect":[655,1362,34,22],"symbol":"biggy_gun_barrel_03"},{"origin":[14,15],"rect":[464,1329,28,26],"symbol":"explosion_medium_flipbook_6"},{"origin":[13,14],"rect":[5,1427,26,27],"symbol":"explosion_big_flipbook_0"},{"origin":[0,0],"rect":[107,1407,43,16],"symbol":"missile_04"},{"origin":[0,0],"rect":[502,1347,43,16],"symbol":"missile_03"},{"origin":[0,0],"rect":[555,1347,43,16],"symbol":"weapon_shark_12"},{"origin":[0,0],"rect":[894,1388,43,16],"symbol":"missile_01"},{"origin":[0,0],"rect":[947,1388,43,16],"symbol":"weapon_shark_06"},{"origin":[0,0],"rect":[894,1414,43,16],"symbol":"weapon_shark_08"},{"origin":[0,0],"rect":[947,1414,43,16],"symbol":"missile_02"},{"origin":[0,0],"rect":[328,1360,43,16],"symbol":"weapon_shark_04"},{"origin":[14,15],"rect":[608,1363,28,24],"symbol":"explosion_medium_flipbook_8"},{"origin":[9.3,15.5],"rect":[995,1132,21,32],"symbol":"meteor_debris_flipbook_0"},{"origin":[25,25],"rect":[699,1387,25,25],"symbol":"game1_earthplanet"},{"origin":[12,12],"rect":[646,1394,25,25],"symbol":"explosion_medium_flipbook_4"},{"origin":[0,0],"rect":[360,1300,33,18],"symbol":"biggy_25"},{"origin":[0,0],"rect":[265,1362,33,18],"symbol":"biggy_26"},{"origin":[0,0],"rect":[211,1387,22,26],"symbol":"biggy_19"},{"origin":[0,0],"rect":[160,1416,22,26],"symbol":"biggy_18"},{"origin":[0,0],"rect":[669,798,27,20],"symbol":"weapon_shotgun_05"},{"origin":[0,0],"rect":[901,1335,33,16],"symbol":"biggy_16"},{"origin":[0,0],"rect":[107,1433,33,16],"symbol":"biggy_17"},{"origin":[0,0],"rect":[41,1438,22,22],"symbol":"biggy_05"},{"origin":[0,0],"rect":[73,1438,22,22],"symbol":"biggy_02"},{"origin":[0,0],"rect":[5,1464,22,22],"symbol":"biggy_03"},{"origin":[0,0],"rect":[734,1396,22,22],"symbol":"biggy_04"},{"origin":[0,0],"rect":[766,1396,22,22],"symbol":"biggy_01"},{"origin":[0,0],"rect":[681,1422,22,22],"symbol":"biggy_06"},{"origin":[0,0],"rect":[998,5,21,23],"symbol":"suicide_bot_03"},{"origin":[0,0],"rect":[998,38,21,23],"symbol":"suicide_bot_06"},{"origin":[0,0],"rect":[998,71,21,23],"symbol":"suicide_bot_04"},{"origin":[0,0],"rect":[998,104,21,23],"symbol":"suicide_bot_05"},{"origin":[0,0],"rect":[998,137,21,23],"symbol":"suicide_bot_09"},{"origin":[0,0],"rect":[998,170,21,23],"symbol":"suicide_bot_11"},{"origin":[0,0],"rect":[998,203,21,23],"symbol":"suicide_bot_08"},{"origin":[0,0],"rect":[798,1413,21,23],"symbol":"suicide_bot_10"},{"origin":[0,0],"rect":[829,1422,29,16],"symbol":"biggy_fire_2"},{"origin":[0,0],"rect":[713,1428,29,16],"symbol":"biggy_fire_1"},{"origin":[0,0],"rect":[752,1428,29,16],"symbol":"biggy_fire_4"},{"origin":[0,0],"rect":[381,1360,29,16],"symbol":"chicken_22"},{"origin":[0,0],"rect":[420,1360,29,16],"symbol":"chicken_21"},{"origin":[0,0],"rect":[459,1365,29,16],"symbol":"chicken_20"},{"origin":[0,0],"rect":[498,1373,29,16],"symbol":"biggy_fire_3"},{"origin":[0,0],"rect":[537,1373,29,16],"symbol":"chicken_19"},{"origin":[0,0],"rect":[791,1446,27,16],"symbol":"players_ship_09"},{"origin":[11,12],"rect":[883,606,21,20],"symbol":"bullet_damage_flipbook_4"},{"origin":[0,0],"rect":[806,680,27,15],"symbol":"chicken_08"},{"origin":[0,0],"rect":[70,1082,15,25],"symbol":"weapon_shark_21"},{"origin":[0,2],"rect":[574,1234,23,15],"symbol":"biggy_22"},{"origin":[0,2],"rect":[843,680,23,15],"symbol":"biggy_20"},{"origin":[0,0],"rect":[906,1133,15,23],"symbol":"weapon_shark_20"},{"origin":[0,0],"rect":[285,1007,13,24],"symbol":"weapon_shark_16"},{"origin":[0,0],"rect":[226,1197,19,16],"symbol":"players_ship_08"},{"origin":[0,0],"rect":[906,1166,19,16],"symbol":"players_ship_07"},{"origin":[0,0],"rect":[328,1331,19,16],"symbol":"players_ship_06"},{"origin":[9,9],"rect":[1001,901,17,17],"symbol":"bullet_damage_flipbook_2"},{"origin":[9,9],"rect":[1001,928,17,17],"symbol":"projectile_chicken_ship"},{"origin":[9,9],"rect":[1001,955,17,17],"symbol":"bullet_damage_flipbook_0"},{"origin":[9,9],"rect":[1002,1362,17,17],"symbol":"projectile_blaster"},{"origin":[11,15],"rect":[576,1373,20,14],"symbol":"explosion_medium_flipbook_10"},{"origin":[0,0],"rect":[1000,1389,17,16],"symbol":"weapon_shark_15"},{"origin":[0,0],"rect":[480,1104,27,10],"symbol":"weapon_shotgun_10"},{"origin":[8,8],"rect":[868,1422,16,16],"symbol":"explosion_medium_flipbook_0"},{"origin":[8,8],"rect":[1000,1415,16,16],"symbol":"explosion_medium_02_flipbook_0"},{"origin":[0,0],"rect":[576,1397,16,15],"symbol":"biggy_39"},{"origin":[0,0],"rect":[602,1397,16,15],"symbol":"biggy_37"},{"origin":[0,0],"rect":[894,1440,16,15],"symbol":"biggy_40"},{"origin":[0,0],"rect":[828,1448,16,15],"symbol":"biggy_38"},{"origin":[0,0],"rect":[981,682,19,12],"symbol":"players_ship_02"},{"origin":[0,0],"rect":[654,1082,19,12],"symbol":"players_ship_03"},{"origin":[0,0],"rect":[683,1082,19,12],"symbol":"players_ship_01"},{"origin":[0,0],"rect":[814,1105,13,16],"symbol":"weapon_shark_14"},{"origin":[25,25],"rect":[285,1041,14,14],"symbol":"game1_smallplanet"},{"origin":[0,0],"rect":[285,1065,12,12],"symbol":"players_ship_04"},{"origin":[6.45,6.5],"rect":[712,1082,13,11],"symbol":"bullet_dissolves_flipbook_1"},{"origin":[7,16],"rect":[995,1174,13,10],"symbol":"explosion_medium_flipbook_12"},{"origin":[0,0],"rect":[92,1218,16,8],"symbol":"biggy_27"},{"origin":[5.5,5.55],"rect":[658,1200,11,10],"symbol":"bullet_dissolves_flipbook_3"},{"origin":[0,0],"rect":[200,1256,7,15],"symbol":"healthbar_item"},{"origin":[0,0],"rect":[658,1220,10,10],"symbol":"generic_collider"},{"origin":[5.45,5.5],"rect":[658,1240,10,9],"symbol":"bullet_dissolves_flipbook_2"},{"origin":[0,0],"rect":[698,924,22,4],"symbol":"biggy_41"},{"origin":[0,0],"rect":[785,751,9,8],"symbol":"weapon_shark_24"},{"origin":[-40.7,-6.55],"rect":[707,1261,11,6],"symbol":"player_blackhole_death_flipbook_20"},{"origin":[3.45,4.5],"rect":[136,1237,7,8],"symbol":"bullet_dissolves_flipbook_0"},{"origin":[41.35,-8.5],"rect":[675,998,10,5],"symbol":"meteor_debris_flipbook_14"},{"origin":[0,13],"rect":[57,1334,1,1],"symbol":"explosion_medium_flipbook_14"},{"origin":[-4.5,6.6],"rect":[278,1254,1,1],"symbol":"bullet_dissolves_flipbook_4"},{"origin":[1,1],"rect":[290,1223,1,1],"symbol":"holder_player_gun"},{"origin":[-5,-5],"rect":[41,1427,1,1],"symbol":"explosion_medium_02_flipbook_14"},{"origin":[8,-5],"rect":[875,1280,1,1],"symbol":"bullet_damage_flipbook_6"}],"file":"atlas0.png"}],"scaleFactor":1}],"frameRate":24}