{"movies":[{"layers":[{"name":"Layer_2","keyframes":[{"duration":148,"tweened":false,"pivot":[119.5,50.5],"loc":[0.5,99.5],"ref":"cutscene_part_23","index":0}]},{"name":"cutscene_part_43","keyframes":[{"duration":37,"index":0},{"duration":3,"tweened":false,"loc":[25,90],"ref":"cutscene_part_54","index":37},{"duration":3,"tweened":false,"loc":[25,90],"ref":"cutscene_part_55","index":40},{"duration":3,"tweened":false,"loc":[25,90],"ref":"cutscene_part_56","index":43},{"duration":3,"tweened":false,"loc":[25,90],"ref":"cutscene_part_57","index":46},{"duration":13,"tweened":false,"loc":[25,90],"ref":"cutscene_part_58","index":49},{"duration":43,"tweened":false,"loc":[25,90],"ref":"cutscene_part_59","index":62},{"duration":8,"tweened":false,"loc":[25,90],"ref":"cutscene_part_48","index":105},{"duration":13,"tweened":false,"loc":[25,90],"ref":"cutscene_part_47","index":113},{"duration":6,"tweened":false,"loc":[25,90],"ref":"cutscene_part_46","index":126},{"duration":6,"tweened":false,"loc":[25,90],"ref":"cutscene_part_45","index":132},{"duration":6,"tweened":false,"loc":[25,90],"ref":"cutscene_part_44","index":138},{"duration":4,"tweened":false,"loc":[25,90],"ref":"cutscene_part_43","index":144}]},{"name":"Layer_4","keyframes":[{"duration":10,"index":0},{"duration":5,"tweened":false,"pivot":[4,4],"loc":[22,114],"ref":"cutscene_part_49","index":10},{"duration":3,"tweened":false,"pivot":[4,4],"loc":[34,115],"ref":"cutscene_part_49","index":15},{"duration":3,"tweened":false,"pivot":[4,4],"loc":[45,116],"ref":"cutscene_part_53","index":18,"skew":[-1.5708,-1.5708]},{"duration":3,"tweened":false,"pivot":[4,4],"loc":[43,116],"ref":"cutscene_part_52","index":21,"skew":[1.5708,1.5708]},{"duration":124,"index":24}]},{"name":"cutscene_part_68","keyframes":[{"duration":10,"tweened":false,"loc":[-9,83],"ref":"cutscene_part_68","index":0},{"duration":5,"tweened":false,"pivot":[18,13.5],"loc":[5,111.5],"ref":"cutscene_part_50","index":10},{"duration":19,"tweened":false,"pivot":[18,13.5],"loc":[6,111.5],"ref":"cutscene_part_61","index":15},{"duration":114,"tweened":false,"loc":[-8,93],"ref":"cutscene_part_70","index":34}]},{"name":"Layer_3","keyframes":[{"duration":148,"tweened":false,"pivot":[10.5,30.5],"loc":[-12.5,105.5],"ref":"cutscene_part_51","index":0}]},{"name":"Layer_5","keyframes":[{"duration":10,"index":0},{"duration":138,"tweened":false,"pivot":[142.5,14.5],"loc":[0.5,167.5],"ref":"boss_intro_copy","index":10}]},{"name":"Layer_7","keyframes":[{"duration":10,"index":0},{"scale":[5.8048,0.26],"duration":27,"tweened":false,"pivot":[49.9,26.9],"loc":[144.01,174.9939],"ref":"block_black","index":10},{"scale":[5.1702,0.26],"duration":3,"tweened":false,"pivot":[49.85,26.9],"loc":[143.7328,174.9939],"ref":"block_black","index":37},{"scale":[4.3863,0.26],"duration":3,"tweened":false,"pivot":[49.8,26.9],"loc":[143.4881,174.9939],"ref":"block_black","index":40},{"scale":[3.4826,0.26],"duration":6,"tweened":false,"pivot":[49.75,26.9],"loc":[143.3104,174.9939],"ref":"block_black","index":43},{"scale":[3.0201,0.26],"duration":3,"tweened":false,"pivot":[49.75,26.9],"loc":[143.3013,174.9939],"ref":"block_black","index":49},{"scale":[2.1392,0.26],"duration":3,"tweened":false,"pivot":[49.8,26.9],"loc":[143.5309,174.9939],"ref":"block_black","index":52},{"scale":[1.9763,0.26],"duration":5,"tweened":false,"pivot":[49.85,26.9],"loc":[143.671,174.9939],"ref":"block_black","index":55},{"scale":[1.8389,0.26],"duration":5,"tweened":false,"pivot":[49.75,26.9],"loc":[143.5359,174.9939],"ref":"block_black","index":60},{"scale":[1.6984,0.26],"duration":6,"tweened":false,"pivot":[49.8,26.9],"loc":[143.6823,174.9939],"ref":"block_black","index":65},{"scale":[1.54,0.26],"duration":4,"tweened":false,"pivot":[49.85,26.9],"loc":[143.8194,174.9939],"ref":"block_black","index":71},{"scale":[1.362,0.26],"duration":4,"tweened":false,"pivot":[49.9,26.9],"loc":[143.9153,174.9939],"ref":"block_black","index":75},{"scale":[1.1409,0.26],"duration":5,"tweened":false,"pivot":[49.9,26.9],"loc":[143.8824,174.9939],"ref":"block_black","index":79},{"scale":[0.1578,0.26],"duration":3,"tweened":false,"pivot":[50.1,26.9],"loc":[143.9538,174.9939],"ref":"block_black","index":84},{"duration":61,"index":87}]},{"name":"Layer_6","keyframes":[{"duration":10,"index":0},{"scale":[4.4829,0.26],"duration":3,"tweened":false,"pivot":[49.9,26.9],"loc":[143.7965,158.9939],"ref":"block_black","index":10},{"scale":[3.4633,0.26],"duration":3,"tweened":false,"pivot":[49.85,26.9],"loc":[143.6434,158.9939],"ref":"block_black","index":13},{"scale":[3.0047,0.26],"duration":3,"tweened":false,"pivot":[49.8,26.9],"loc":[143.6848,158.9939],"ref":"block_black","index":16},{"scale":[1.1958,0.26],"duration":15,"tweened":false,"pivot":[49.85,26.9],"loc":[143.613,158.9939],"ref":"block_black","index":19},{"duration":114,"index":34}]},{"name":"labels","keyframes":[{"duration":88,"label":"intro1","index":0},{"duration":57,"label":"intro2","index":88},{"duration":3,"label":"intro2_loop","index":145}]}],"id":"game3_boss_intro_anim"},{"layers":[{"name":"cutscene_part_35","keyframes":[{"duration":151,"tweened":false,"pivot":[119.5,50.5],"loc":[0.5,99.5],"ref":"cutscene_part_35","index":0}]},{"name":"cutscene_part_62","keyframes":[{"duration":63,"tweened":false,"loc":[-23,77],"ref":"cutscene_part_62","index":0},{"duration":6,"tweened":false,"loc":[-23,84],"ref":"cutscene_part_62","index":63},{"duration":55,"tweened":false,"loc":[-24,84],"ref":"cutscene_part_63","index":69},{"duration":9,"tweened":false,"loc":[-23,84],"ref":"cutscene_part_62","index":124},{"duration":9,"tweened":false,"loc":[-24,84],"ref":"cutscene_part_63","index":133},{"duration":9,"tweened":false,"loc":[-23,84],"ref":"cutscene_part_62","index":142}]},{"name":"cutscene_part_72","keyframes":[{"duration":63,"index":0},{"duration":88,"tweened":false,"loc":[-17,109],"ref":"cutscene_part_72","index":63}]},{"name":"cutscene_part_73","keyframes":[{"duration":69,"index":0},{"duration":7,"tweened":false,"loc":[1,80],"ref":"cutscene_part_73","index":69},{"duration":75,"index":76}]},{"name":"cutscene_part_83","keyframes":[{"duration":63,"tweened":false,"pivot":[-0.1,0.2],"loc":[-16,102],"ref":"cutscene_part_83","index":0},{"duration":88,"index":63}]},{"name":"cutscene2_copy1","keyframes":[{"duration":4,"index":0},{"duration":147,"tweened":false,"pivot":[125.5,8.5],"loc":[0.5,160.5],"ref":"cutscene2_copy1","index":4}]},{"name":"cutscene2_copy2","keyframes":[{"duration":63,"index":0},{"duration":88,"tweened":false,"pivot":[81.5,7],"loc":[0.5,180],"ref":"cutscene2_copy2","index":63}]},{"name":"button_continue","keyframes":[{"duration":117,"index":0},{"duration":34,"tweened":false,"pivot":[41.5,8],"loc":[0.5,211],"ref":"button_continue","index":117}]},{"name":"block_black","keyframes":[{"duration":4,"index":0},{"scale":[3.9202,0.2799],"duration":3,"tweened":false,"pivot":[49.85,0.9],"loc":[121.6718,153.2519],"ref":"block_black","index":4},{"scale":[3.2832,0.2799],"duration":3,"tweened":false,"pivot":[49.8,0.9],"loc":[121.7028,153.2519],"ref":"block_black","index":7},{"scale":[2.422,0.2799],"duration":6,"tweened":false,"pivot":[49.8,0.9],"loc":[121.6132,153.2519],"ref":"block_black","index":10},{"scale":[2.3004,0.2799],"duration":6,"tweened":false,"pivot":[49.8,0.9],"loc":[121.7076,153.2519],"ref":"block_black","index":16},{"scale":[2.1826,0.2799],"duration":6,"tweened":false,"pivot":[49.8,0.9],"loc":[121.7913,153.2519],"ref":"block_black","index":22},{"scale":[2.1255,0.2799],"duration":8,"tweened":false,"pivot":[49.85,0.9],"loc":[119.9556,153.2519],"ref":"block_black","index":28},{"scale":[1.9668,0.2799],"duration":1,"tweened":false,"pivot":[49.85,0],"loc":[120.0471,153],"ref":"block_black","index":36},{"scale":[1.7875,0.2799],"duration":1,"tweened":false,"pivot":[49.9,0],"loc":[120.1958,153],"ref":"block_black","index":37},{"scale":[1.6068,0.2799],"duration":4,"tweened":false,"pivot":[49.9,0],"loc":[120.2776,153],"ref":"block_black","index":38},{"scale":[1.2284,0.2799],"duration":4,"tweened":false,"pivot":[49.95,0],"loc":[120.409,153],"ref":"block_black","index":42},{"scale":[0.8681,0.2799],"duration":4,"tweened":false,"pivot":[50,0],"loc":[120.4059,153],"ref":"block_black","index":46},{"scale":[0.5082,0.2799],"duration":4,"tweened":false,"pivot":[50,0],"loc":[120.4605,153],"ref":"block_black","index":50},{"scale":[0.149,0.2799],"duration":1,"tweened":false,"pivot":[50,0],"loc":[120.4524,153],"ref":"block_black","index":54},{"duration":8,"index":55},{"scale":[3.8469,0.2799],"duration":17,"tweened":false,"pivot":[49.75,0.9],"loc":[101.5845,173.2519],"ref":"block_black","index":63},{"scale":[2.7013,0.2799],"duration":3,"tweened":false,"pivot":[49.8,0.9],"loc":[101.5737,173.2519],"ref":"block_black","index":80},{"scale":[2.2601,0.2799],"duration":3,"tweened":false,"pivot":[49.75,0.9],"loc":[101.5923,173.2519],"ref":"block_black","index":83},{"scale":[1.64,0.2799],"duration":4,"tweened":false,"pivot":[49.8,0.9],"loc":[101.6735,173.2519],"ref":"block_black","index":86},{"scale":[0.7172,0.2799],"duration":5,"tweened":false,"pivot":[49.85,0.9],"loc":[101.8029,173.2519],"ref":"block_black","index":90},{"scale":[0.618,0.2799],"duration":5,"tweened":false,"pivot":[49.9,0.9],"loc":[101.8395,173.2519],"ref":"block_black","index":95},{"scale":[0.558,0.2799],"duration":5,"tweened":false,"pivot":[50,0.9],"loc":[102.8976,173.2519],"ref":"block_black","index":100},{"duration":46,"index":105}]},{"name":"labels","keyframes":[{"duration":80,"label":"intro1","index":0},{"duration":37,"label":"intro2","index":80},{"duration":34,"label":"loop","index":117}]}],"id":"game3_cutscene2_anim"},{"layers":[{"name":"cutscene_part_40","keyframes":[{"duration":146,"tweened":false,"pivot":[119.5,50.5],"loc":[0.5,99.5],"ref":"cutscene_part_40","index":0}]},{"name":"game3_win_8bit_idle","keyframes":[{"duration":146,"tweened":false,"loc":[-1,145],"ref":"game3_win_8bit_idle","index":0}]},{"name":"cutscene_part_33","keyframes":[{"duration":5,"tweened":false,"loc":[79,68],"ref":"cutscene_part_33","index":0,"skew":[1.5708,1.5708]},{"duration":4,"tweened":false,"loc":[79,67],"ref":"cutscene_part_33","index":5,"skew":[1.5708,1.5708]},{"duration":6,"tweened":false,"loc":[79,64],"ref":"cutscene_part_33","index":9,"skew":[1.5708,1.5708]},{"duration":6,"tweened":false,"loc":[79,60],"ref":"cutscene_part_33","index":15,"skew":[1.5708,1.5708]},{"duration":5,"tweened":false,"loc":[79,56],"ref":"cutscene_part_33","index":21,"skew":[1.5708,1.5708]},{"duration":5,"tweened":false,"loc":[79,52],"ref":"cutscene_part_33","index":26,"skew":[1.5708,1.5708]},{"duration":115,"tweened":false,"loc":[79,50],"ref":"cutscene_part_33","index":31,"skew":[1.5708,1.5708]}]},{"name":"cutscene_part_33","keyframes":[{"duration":5,"tweened":false,"loc":[79,62],"ref":"cutscene_part_33","index":0,"skew":[1.5708,1.5708]},{"duration":4,"tweened":false,"loc":[79,61],"ref":"cutscene_part_33","index":5,"skew":[1.5708,1.5708]},{"duration":6,"tweened":false,"loc":[79,59],"ref":"cutscene_part_33","index":9,"skew":[1.5708,1.5708]},{"duration":6,"tweened":false,"loc":[79,56],"ref":"cutscene_part_33","index":15,"skew":[1.5708,1.5708]},{"duration":5,"tweened":false,"loc":[79,53],"ref":"cutscene_part_33","index":21,"skew":[1.5708,1.5708]},{"duration":5,"tweened":false,"loc":[79,50],"ref":"cutscene_part_33","index":26,"skew":[1.5708,1.5708]},{"duration":115,"tweened":false,"loc":[79,48],"ref":"cutscene_part_33","index":31,"skew":[1.5708,1.5708]}]},{"name":"cutscene_part_33","keyframes":[{"duration":5,"tweened":false,"loc":[79,56],"ref":"cutscene_part_33","index":0,"skew":[1.5708,1.5708]},{"duration":4,"tweened":false,"loc":[79,55],"ref":"cutscene_part_33","index":5,"skew":[1.5708,1.5708]},{"duration":6,"tweened":false,"loc":[79,54],"ref":"cutscene_part_33","index":9,"skew":[1.5708,1.5708]},{"duration":6,"tweened":false,"loc":[79,52],"ref":"cutscene_part_33","index":15,"skew":[1.5708,1.5708]},{"duration":5,"tweened":false,"loc":[79,50],"ref":"cutscene_part_33","index":21,"skew":[1.5708,1.5708]},{"duration":5,"tweened":false,"loc":[79,48],"ref":"cutscene_part_33","index":26,"skew":[1.5708,1.5708]},{"duration":115,"tweened":false,"loc":[79,46],"ref":"cutscene_part_33","index":31,"skew":[1.5708,1.5708]}]},{"name":"cutscene_part_33","keyframes":[{"duration":5,"tweened":false,"loc":[79,50],"ref":"cutscene_part_33","index":0,"skew":[1.5708,1.5708]},{"duration":4,"tweened":false,"loc":[79,49],"ref":"cutscene_part_33","index":5,"skew":[1.5708,1.5708]},{"duration":6,"tweened":false,"loc":[79,49],"ref":"cutscene_part_33","index":9,"skew":[1.5708,1.5708]},{"duration":6,"tweened":false,"loc":[79,48],"ref":"cutscene_part_33","index":15,"skew":[1.5708,1.5708]},{"duration":5,"tweened":false,"loc":[79,47],"ref":"cutscene_part_33","index":21,"skew":[1.5708,1.5708]},{"duration":5,"tweened":false,"loc":[79,46],"ref":"cutscene_part_33","index":26,"skew":[1.5708,1.5708]},{"duration":115,"tweened":false,"loc":[79,44],"ref":"cutscene_part_33","index":31,"skew":[1.5708,1.5708]}]},{"name":"cutscene_part_32","keyframes":[{"duration":5,"tweened":false,"pivot":[0.05,-0.05],"loc":[-79.05,78.95],"ref":"cutscene_part_32","index":0,"skew":[-1.5707,-1.5707]},{"duration":4,"tweened":false,"pivot":[0.05,-0.05],"loc":[-79.05,77.95],"ref":"cutscene_part_32","index":5,"skew":[-1.5707,-1.5707]},{"duration":6,"tweened":false,"pivot":[0.05,-0.05],"loc":[-79.05,74.95],"ref":"cutscene_part_32","index":9,"skew":[-1.5707,-1.5707]},{"duration":6,"tweened":false,"pivot":[0.05,-0.05],"loc":[-79.05,70.95],"ref":"cutscene_part_32","index":15,"skew":[-1.5707,-1.5707]},{"duration":5,"tweened":false,"pivot":[0.05,-0.05],"loc":[-79.05,66.95],"ref":"cutscene_part_32","index":21,"skew":[-1.5707,-1.5707]},{"duration":5,"tweened":false,"pivot":[0.05,-0.05],"loc":[-79.05,62.95],"ref":"cutscene_part_32","index":26,"skew":[-1.5707,-1.5707]},{"duration":115,"tweened":false,"pivot":[0.05,-0.05],"loc":[-79.05,59.95],"ref":"cutscene_part_32","index":31,"skew":[-1.5707,-1.5707]}]},{"name":"cutscene_part_17","keyframes":[{"duration":146,"tweened":false,"loc":[-119,49],"ref":"cutscene_part_17","index":0}]},{"name":"block_black","keyframes":[{"scale":[3.5197,0.4],"duration":146,"tweened":false,"pivot":[0.3,-0.15],"loc":[-90.9441,28.94],"ref":"block_black","index":0}]},{"name":"button_continue","keyframes":[{"duration":134,"index":0},{"duration":12,"tweened":false,"pivot":[41.5,8],"loc":[0.5,211],"ref":"button_continue","index":134}]},{"name":"game3_ending_copy1","keyframes":[{"duration":9,"index":0},{"duration":36,"tweened":false,"pivot":[108,15.05],"loc":[0,170.05],"ref":"game3_ending_copy1","index":9},{"duration":14,"index":45},{"duration":31,"tweened":false,"pivot":[103,15.05],"loc":[0,170.05],"ref":"game3_ending_copy2","index":59},{"duration":13,"index":90},{"duration":43,"tweened":false,"pivot":[85,15.05],"loc":[0,170.05],"ref":"game3_ending_copy3","index":103}]},{"name":"Layer_3","keyframes":[{"duration":9,"index":0},{"scale":[4.539,0.2799],"duration":15,"tweened":false,"pivot":[49.95,0.9],"loc":[111.5754,171.2519],"ref":"block_black","index":9},{"scale":[2.8579,0.2799],"duration":3,"tweened":false,"pivot":[49.95,0.9],"loc":[111.8011,171.2519],"ref":"block_black","index":24},{"scale":[2.2565,0.2799],"duration":3,"tweened":false,"pivot":[49.9,0.9],"loc":[111.7001,171.2519],"ref":"block_black","index":27},{"scale":[1.3761,0.2799],"duration":3,"tweened":false,"pivot":[49.9,0.9],"loc":[111.6166,171.2519],"ref":"block_black","index":30},{"scale":[0.2523,0.2799],"duration":3,"tweened":false,"pivot":[49.95,0.9],"loc":[111.6534,171.2519],"ref":"block_black","index":33},{"duration":23,"index":36},{"scale":[4.539,0.2799],"duration":16,"tweened":false,"pivot":[49.95,0.9],"loc":[111.5754,171.2519],"ref":"block_black","index":59},{"scale":[3.6597,0.2799],"duration":3,"tweened":false,"pivot":[49.9,0.9],"loc":[111.8182,171.2519],"ref":"block_black","index":75},{"scale":[1.8763,0.2799],"duration":3,"tweened":false,"pivot":[49.95,0.9],"loc":[111.7703,171.2519],"ref":"block_black","index":78},{"duration":22,"index":81},{"scale":[4.539,0.2799],"duration":14,"tweened":false,"pivot":[49.95,0.9],"loc":[111.5754,171.2519],"ref":"block_black","index":103},{"scale":[3.2987,0.2799],"duration":3,"tweened":false,"pivot":[49.95,0.9],"loc":[111.6181,171.2519],"ref":"block_black","index":117},{"scale":[2.2354,0.2799],"duration":3,"tweened":false,"pivot":[49.95,0.9],"loc":[111.7589,171.2519],"ref":"block_black","index":120},{"duration":23,"index":123}]},{"name":"Layer_2","keyframes":[{"duration":9,"index":0},{"scale":[3.6167,0.2799],"duration":3,"tweened":false,"pivot":[49.9,0.9],"loc":[111.4233,153.2519],"ref":"block_black","index":9},{"scale":[2.7134,0.2799],"duration":3,"tweened":false,"pivot":[49.85,0.9],"loc":[111.2627,153.2519],"ref":"block_black","index":12},{"scale":[1.7299,0.2799],"duration":3,"tweened":false,"pivot":[49.85,0.9],"loc":[111.185,153.2519],"ref":"block_black","index":15},{"scale":[0.8667,0.2799],"duration":3,"tweened":false,"pivot":[49.9,0.9],"loc":[111.2475,153.2519],"ref":"block_black","index":18},{"duration":38,"index":21},{"scale":[2.8741,0.2799],"duration":3,"tweened":false,"pivot":[49.8,0.9],"loc":[111.2802,153.2519],"ref":"block_black","index":59},{"scale":[1.7681,0.2799],"duration":3,"tweened":false,"pivot":[49.9,0.9],"loc":[111.228,153.2519],"ref":"block_black","index":62},{"scale":[0.8667,0.2799],"duration":3,"tweened":false,"pivot":[49.9,0.9],"loc":[111.2475,153.2519],"ref":"block_black","index":65},{"duration":35,"index":68},{"scale":[2.8741,0.2799],"duration":3,"tweened":false,"pivot":[49.8,0.9],"loc":[111.2794,153.2519],"ref":"block_black","index":103},{"scale":[1.7302,0.2799],"duration":3,"tweened":false,"pivot":[49.85,0.9],"loc":[111.3009,153.2519],"ref":"block_black","index":106},{"duration":37,"index":109}]},{"name":"labels","keyframes":[{"duration":36,"label":"intro","index":0},{"duration":9,"label":"intro1_loop","index":36},{"duration":36,"label":"intro2","index":45},{"duration":9,"label":"intro2_loop","index":81},{"duration":45,"label":"intro3","index":90},{"duration":11,"label":"intro3_loop","index":135}]}],"id":"game3_ending"},{"layers":[{"name":"_bit","keyframes":[{"duration":216,"tweened":false,"loc":[-53,132],"ref":"game3_gno_8bit_anim","index":0}]},{"name":"_","keyframes":[{"duration":2,"tweened":false,"loc":[39,128],"ref":"8","index":0},{"duration":2,"tweened":false,"loc":[39,130],"ref":"8","index":2},{"duration":20,"tweened":false,"loc":[39,132],"ref":"8","index":4},{"duration":2,"tweened":false,"loc":[42,128],"ref":"7","index":24},{"duration":2,"tweened":false,"loc":[42,130],"ref":"7","index":26},{"duration":20,"tweened":false,"loc":[42,132],"ref":"7","index":28},{"duration":2,"tweened":false,"loc":[39,128],"ref":"6","index":48},{"duration":2,"tweened":false,"loc":[39,130],"ref":"6","index":50},{"duration":20,"tweened":false,"loc":[39,132],"ref":"6","index":52},{"duration":2,"tweened":false,"loc":[39,128],"ref":"5","index":72},{"duration":2,"tweened":false,"loc":[39,130],"ref":"5","index":74},{"duration":20,"tweened":false,"loc":[39,132],"ref":"5","index":76},{"duration":2,"tweened":false,"loc":[38,128],"ref":"4","index":96},{"duration":2,"tweened":false,"loc":[38,130],"ref":"4","index":98},{"duration":20,"tweened":false,"loc":[38,132],"ref":"4","index":100},{"duration":2,"tweened":false,"loc":[39,128],"ref":"3","index":120},{"duration":2,"tweened":false,"loc":[39,130],"ref":"3","index":122},{"duration":20,"tweened":false,"loc":[39,132],"ref":"3","index":124},{"duration":2,"tweened":false,"loc":[39,128],"ref":"2","index":144},{"duration":2,"tweened":false,"loc":[39,130],"ref":"2","index":146},{"duration":20,"tweened":false,"loc":[39,132],"ref":"2","index":148},{"duration":2,"tweened":false,"loc":[50,128],"ref":"1","index":168},{"duration":2,"tweened":false,"loc":[50,130],"ref":"1","index":170},{"duration":20,"tweened":false,"loc":[50,132],"ref":"1","index":172},{"duration":2,"tweened":false,"loc":[39,128],"ref":"0","index":192},{"duration":2,"tweened":false,"loc":[39,130],"ref":"0","index":194},{"duration":20,"tweened":false,"loc":[39,132],"ref":"0","index":196}]},{"name":"Layer_2","keyframes":[{"duration":216,"tweened":false,"loc":[-58,50],"ref":"game_not_over","index":0}]}],"id":"game3_game_not_over_anim"},{"layers":[{"name":"Layer_2","keyframes":[{"duration":80,"tweened":false,"pivot":[119.5,50.5],"loc":[0.5,99.5],"ref":"cutscene_part_29","index":0}]},{"name":"cutscene_part_43","keyframes":[{"duration":80,"index":0}]},{"name":"cutscene_part_36","keyframes":[{"duration":3,"index":0},{"duration":3,"tweened":false,"loc":[23,93],"ref":"cutscene_part_36","index":3,"skew":[-1.5708,-1.5708]},{"duration":3,"tweened":false,"loc":[23,90],"ref":"cutscene_part_36","index":6,"skew":[-1.5708,-1.5708]},{"duration":71,"tweened":false,"loc":[23,91],"ref":"cutscene_part_36","index":9,"skew":[-1.5708,-1.5708]}]},{"name":"cutscene_part_31","keyframes":[{"duration":3,"index":0},{"duration":3,"tweened":false,"loc":[-42,84],"ref":"cutscene_part_31","index":3,"skew":[-1.5708,-1.5708]},{"duration":3,"tweened":false,"loc":[-42,81],"ref":"cutscene_part_31","index":6,"skew":[-1.5708,-1.5708]},{"duration":71,"tweened":false,"loc":[-42,82],"ref":"cutscene_part_31","index":9,"skew":[-1.5708,-1.5708]}]},{"name":"cutscene_part_37","keyframes":[{"duration":3,"index":0},{"duration":9,"index":3},{"duration":68,"tweened":false,"loc":[-36,77],"ref":"cutscene_part_37","index":12,"skew":[-1.5708,-1.5708]}]},{"name":"Layer_4","keyframes":[{"duration":3,"index":0},{"duration":9,"index":3},{"scale":[0.2,1.52],"duration":3,"tweened":false,"loc":[38,69],"ref":"block_white","index":12,"skew":[1.5708,1.5708]},{"scale":[0.2,1.3801],"duration":3,"tweened":false,"pivot":[0,-0.05],"loc":[38.069,69],"ref":"block_white","index":15,"skew":[1.5708,1.5708]},{"scale":[0.2,1.2601],"duration":3,"tweened":false,"pivot":[0,-0.1],"loc":[38.176,69],"ref":"block_white","index":18,"skew":[1.5708,1.5708]},{"scale":[0.2,1.201],"duration":3,"tweened":false,"pivot":[0,-0.15],"loc":[38.2802,69],"ref":"block_white","index":21,"skew":[1.5708,1.5708]},{"scale":[0.2,1.1221],"duration":11,"tweened":false,"pivot":[0,-0.25],"loc":[38.4305,69],"ref":"block_white","index":24,"skew":[1.5708,1.5708]},{"scale":[0.2,0.9038],"duration":3,"tweened":false,"pivot":[0,-0.3],"loc":[38.5211,69],"ref":"block_white","index":35,"skew":[1.5708,1.5708]},{"scale":[0.2,0.8454],"duration":3,"tweened":false,"pivot":[0,-0.45],"loc":[38.6304,69],"ref":"block_white","index":38,"skew":[1.5708,1.5708]},{"scale":[0.2,0.7265],"duration":3,"tweened":false,"pivot":[0,-0.55],"loc":[38.6996,69],"ref":"block_white","index":41,"skew":[1.5708,1.5708]},{"scale":[0.2,0.6272],"duration":11,"tweened":false,"pivot":[0,-0.65],"loc":[38.7577,69],"ref":"block_white","index":44,"skew":[1.5708,1.5708]},{"scale":[0.2,0.4101],"duration":3,"tweened":false,"pivot":[0,-0.75],"loc":[38.8076,69],"ref":"block_white","index":55,"skew":[1.5708,1.5708]},{"scale":[0.2,0.3114],"duration":3,"tweened":false,"pivot":[0,-0.8],"loc":[38.7991,69],"ref":"block_white","index":58,"skew":[1.5708,1.5708]},{"scale":[0.2,0.2129],"duration":3,"tweened":false,"pivot":[0,-0.95],"loc":[38.8023,69],"ref":"block_white","index":61,"skew":[1.5708,1.5708]},{"scale":[0.2,0.1728],"duration":3,"tweened":false,"pivot":[0,-1.15],"loc":[38.7987,69],"ref":"block_white","index":64,"skew":[1.5708,1.5708]},{"duration":13,"index":67}]},{"name":"Layer_3","keyframes":[{"duration":80,"tweened":false,"pivot":[59,10],"loc":[1,35],"ref":"game_over_title","index":0}]},{"name":"labels","keyframes":[{"duration":69,"label":"intro","index":0},{"duration":11,"label":"loop","index":69}]}],"id":"game3_game_over_anim"},{"layers":[{"name":"Layer_1","keyframes":[{"duration":14,"tweened":false,"ref":"8bit","index":0},{"duration":14,"tweened":false,"ref":"8bit_2","index":14},{"duration":14,"tweened":false,"ref":"8bit","index":28},{"duration":15,"tweened":false,"ref":"8bit_2","index":42}]},{"name":"Layer_2","keyframes":[{"duration":47,"index":0},{"duration":5,"tweened":false,"loc":[15,16],"ref":"eyes_closed","index":47},{"duration":5,"index":52}]}],"id":"game3_gno_8bit_anim"},{"layers":[{"name":"black_block","keyframes":[{"scale":[4.74,1.9939],"duration":244,"tweened":false,"pivot":[-0.35,0.15],"loc":[-119.659,50.5991],"ref":"block_black","index":0}]},{"name":"_partial_shot1_rainbow","keyframes":[{"duration":244,"tweened":false,"loc":[-118,50],"ref":"~cutscenes_lvl_3/_partial_anims/_partial_shot1_rainbow","index":0}]},{"name":"_partial_shot1_rainbow","keyframes":[{"duration":244,"tweened":false,"loc":[119,50],"ref":"~cutscenes_lvl_3/_partial_anims/_partial_shot1_rainbow","index":0,"skew":[0,3.1416]}]},{"name":"cutscene_part_02","keyframes":[{"duration":244,"tweened":false,"loc":[-72,50],"ref":"cutscene_part_02","index":0}]},{"name":"cutscene_part_11","keyframes":[{"duration":185,"tweened":false,"loc":[7,75],"ref":"cutscene_part_11","index":0},{"duration":2,"tweened":false,"loc":[7,96],"ref":"cutscene_part_09","index":185},{"duration":57,"tweened":false,"loc":[7,75],"ref":"cutscene_part_11","index":187}]},{"name":"cutscene_part_11","keyframes":[{"duration":185,"tweened":false,"loc":[-53,75],"ref":"cutscene_part_11","index":0},{"duration":2,"tweened":false,"loc":[-53,96],"ref":"cutscene_part_09","index":185},{"duration":57,"tweened":false,"loc":[-53,75],"ref":"cutscene_part_11","index":187}]},{"name":"cutscene_part_03","keyframes":[{"duration":159,"index":0},{"duration":20,"loc":[21,119],"ref":"cutscene_part_03","index":159,"skew":[1.5708,1.5708]},{"duration":20,"tweened":false,"loc":[21,95],"ref":"cutscene_part_03","index":179,"skew":[1.5708,1.5708]},{"duration":15,"loc":[21,95],"ref":"cutscene_part_03","index":199,"skew":[1.5708,1.5708]},{"duration":1,"tweened":false,"loc":[51,149],"ref":"cutscene_part_03","index":214,"skew":[1.5708,1.5708]},{"duration":29,"index":215}]},{"name":"cutscene_part_04","keyframes":[{"duration":159,"index":0},{"duration":20,"loc":[21,143],"ref":"cutscene_part_04","index":159},{"duration":20,"tweened":false,"loc":[21,119],"ref":"cutscene_part_04","index":179},{"duration":15,"loc":[21,119],"ref":"cutscene_part_04","index":199},{"duration":1,"tweened":false,"loc":[51,173],"ref":"cutscene_part_04","index":214},{"duration":29,"index":215}]},{"name":"cutscene_part_08","keyframes":[{"duration":244,"tweened":false,"loc":[-113.95,96.55],"ref":"cutscene_part_08","index":0}]},{"name":"cutscene_part_08","keyframes":[{"duration":244,"tweened":false,"loc":[114,97],"ref":"cutscene_part_08","index":0,"skew":[0,3.1416]}]},{"name":"black_block","keyframes":[{"scale":[4.74,1.0601],"duration":244,"tweened":false,"pivot":[-0.4,0.25],"loc":[-118.896,150.265],"ref":"block_black","index":0}]},{"name":"cutscene_part_17","keyframes":[{"duration":244,"tweened":false,"loc":[-119,49],"ref":"cutscene_part_17","index":0}]},{"name":"Layer_2","keyframes":[{"duration":9,"index":0},{"duration":41,"tweened":false,"pivot":[131,14],"loc":[1.6,169],"ref":"prologue_copy1","index":9},{"duration":10,"index":50},{"duration":47,"tweened":false,"pivot":[138,15],"loc":[1.6,170],"ref":"prologue_copy2","index":60},{"duration":7,"index":107},{"duration":44,"tweened":false,"pivot":[99,15],"loc":[1.6,170],"ref":"prologue_copy3","index":114},{"duration":57,"index":158},{"duration":29,"tweened":false,"pivot":[90,17],"loc":[1.6,171],"ref":"prologue_copy4","index":215}]},{"name":"Layer_4","keyframes":[{"duration":9,"index":0},{"scale":[5.1389,0.2799],"duration":20,"tweened":false,"pivot":[49.85,0.9],"loc":[131.4227,171.2519],"ref":"block_black","index":9},{"scale":[4.3848,0.2799],"duration":3,"tweened":false,"pivot":[49.8,0.9],"loc":[131.1651,171.2519],"ref":"block_black","index":29},{"scale":[3.4946,0.2799],"duration":3,"tweened":false,"pivot":[49.8,0.9],"loc":[131.1325,171.2519],"ref":"block_black","index":32},{"scale":[2.5938,0.2799],"duration":3,"tweened":false,"pivot":[49.8,0.9],"loc":[131.1725,171.2519],"ref":"block_black","index":35},{"scale":[2.0912,0.2799],"duration":3,"tweened":false,"pivot":[49.8,0.9],"loc":[131.1426,171.2519],"ref":"block_black","index":38},{"duration":19,"index":41},{"scale":[5.8457,0.2799],"duration":21,"tweened":false,"pivot":[49.8,0.9],"loc":[151.4637,171.2519],"ref":"block_black","index":60},{"scale":[5.0466,0.2799],"duration":3,"tweened":false,"pivot":[49.75,0.9],"loc":[151.2191,171.2519],"ref":"block_black","index":81},{"scale":[4.1835,0.2799],"duration":3,"tweened":false,"pivot":[49.75,0.9],"loc":[151.1808,171.2519],"ref":"block_black","index":84},{"scale":[3.2627,0.2799],"duration":3,"tweened":false,"pivot":[49.7,0.9],"loc":[151.256,171.2519],"ref":"block_black","index":87},{"scale":[2.4971,0.2799],"duration":3,"tweened":false,"pivot":[49.7,0.9],"loc":[151.2059,171.2519],"ref":"block_black","index":90},{"scale":[1.7535,0.2799],"duration":3,"tweened":false,"pivot":[49.75,0.9],"loc":[151.3856,171.2519],"ref":"block_black","index":93},{"scale":[1.1138,0.2799],"duration":3,"tweened":false,"pivot":[49.8,0.9],"loc":[151.5157,171.2519],"ref":"block_black","index":96},{"duration":15,"index":99},{"scale":[5.8457,0.2799],"duration":15,"tweened":false,"pivot":[49.8,0.9],"loc":[151.4637,171.2519],"ref":"block_black","index":114},{"scale":[3.8011,0.2799],"duration":3,"tweened":false,"pivot":[49.8,0.9],"loc":[151.3971,171.2519],"ref":"block_black","index":129},{"scale":[2.8623,0.2799],"duration":3,"tweened":false,"pivot":[49.85,0.9],"loc":[151.6844,171.2519],"ref":"block_black","index":132},{"scale":[2.1826,0.2799],"duration":3,"tweened":false,"pivot":[49.85,0.9],"loc":[151.8504,171.2519],"ref":"block_black","index":135},{"scale":[1.4995,0.2799],"duration":3,"tweened":false,"pivot":[49.85,0.9],"loc":[151.9514,171.2519],"ref":"block_black","index":138},{"scale":[1.3838,0.2799],"duration":3,"tweened":false,"pivot":[49.9,0.9],"loc":[152.0534,171.2519],"ref":"block_black","index":141},{"scale":[1.1842,0.2799],"duration":3,"tweened":false,"pivot":[49.95,0.9],"loc":[152.2025,171.2519],"ref":"block_black","index":144},{"duration":68,"index":147},{"scale":[5.8457,0.2799],"duration":15,"tweened":false,"pivot":[49.8,0.9],"loc":[151.4637,171.2519],"ref":"block_black","index":215},{"scale":[4.1654,0.2799],"duration":3,"tweened":false,"pivot":[49.8,0.9],"loc":[151.3879,171.2519],"ref":"block_black","index":230},{"scale":[2.8815,0.2799],"duration":3,"tweened":false,"pivot":[49.85,0.9],"loc":[151.4935,171.2519],"ref":"block_black","index":233},{"scale":[1.996,0.2799],"duration":3,"tweened":false,"pivot":[49.85,0.9],"loc":[151.6999,171.2519],"ref":"block_black","index":236},{"duration":5,"index":239}]},{"name":"Layer_3","keyframes":[{"duration":9,"index":0},{"scale":[4.0747,0.2799],"duration":3,"tweened":false,"pivot":[49.85,0.9],"loc":[131.1241,153.2519],"ref":"block_black","index":9},{"scale":[2.9117,0.2799],"duration":3,"tweened":false,"pivot":[49.85,0.9],"loc":[131.2458,153.2519],"ref":"block_black","index":12},{"scale":[2.3947,0.2799],"duration":3,"tweened":false,"pivot":[49.85,0.9],"loc":[131.3765,153.2519],"ref":"block_black","index":15},{"scale":[1.7318,0.2799],"duration":6,"tweened":false,"pivot":[49.9,0.9],"loc":[131.4166,153.2519],"ref":"block_black","index":18},{"scale":[0.3891,0.2799],"duration":3,"tweened":false,"pivot":[49.85,0.9],"loc":[131.3951,153.2519],"ref":"block_black","index":24},{"duration":33,"index":27},{"scale":[5.3376,0.2799],"duration":3,"tweened":false,"pivot":[49.8,0.9],"loc":[150.8625,153.2519],"ref":"block_black","index":60},{"scale":[4.592,0.2799],"duration":3,"tweened":false,"pivot":[49.8,0.9],"loc":[150.8298,153.2519],"ref":"block_black","index":63},{"scale":[3.4117,0.2799],"duration":3,"tweened":false,"pivot":[49.8,0.9],"loc":[151.101,153.2519],"ref":"block_black","index":66},{"scale":[2.6718,0.2799],"duration":7,"tweened":false,"pivot":[49.8,0.9],"loc":[151.2533,153.2519],"ref":"block_black","index":69},{"scale":[1.5719,0.2799],"duration":3,"tweened":false,"pivot":[49.8,0.9],"loc":[151.3814,153.2519],"ref":"block_black","index":76},{"duration":17,"index":79},{"duration":18,"index":96},{"scale":[4.4954,0.2799],"duration":3,"tweened":false,"pivot":[49.75,0.9],"loc":[150.6442,153.2519],"ref":"block_black","index":114},{"scale":[3.428,0.2799],"duration":3,"tweened":false,"pivot":[49.75,0.9],"loc":[150.595,153.2519],"ref":"block_black","index":117},{"scale":[2.6873,0.2799],"duration":3,"tweened":false,"pivot":[49.8,0.9],"loc":[150.7276,153.2519],"ref":"block_black","index":120},{"scale":[1.8437,0.2799],"duration":3,"tweened":false,"pivot":[49.85,0.9],"loc":[150.9564,153.2519],"ref":"block_black","index":123},{"duration":22,"index":126},{"duration":67,"index":148},{"scale":[4.0702,0.2799],"duration":3,"tweened":false,"pivot":[49.7,0.9],"loc":[150.4392,153.2519],"ref":"block_black","index":215},{"scale":[2.8856,0.2799],"duration":3,"tweened":false,"pivot":[49.7,0.9],"loc":[150.3661,153.2519],"ref":"block_black","index":218},{"scale":[1.9798,0.2799],"duration":3,"tweened":false,"pivot":[49.7,0.9],"loc":[150.4982,153.2519],"ref":"block_black","index":221},{"duration":20,"index":224}]},{"name":"labels","keyframes":[{"duration":41,"label":"intro1","index":0},{"duration":9,"label":"intro1_loop","index":41},{"duration":49,"label":"intro2","index":50},{"duration":8,"label":"intro2_loop","index":99},{"duration":41,"label":"intro3","index":107},{"duration":9,"label":"intro3_loop","index":148},{"duration":58,"label":"intro3_outro","index":157},{"duration":25,"label":"intro4_intro","index":215},{"duration":4,"label":"intro4_loop","index":240}]}],"id":"game3_prologue1_anim"},{"layers":[{"name":"cutscene_part_05","keyframes":[{"duration":7,"tweened":false,"loc":[67,26],"ref":"cutscene_part_05","index":0},{"duration":7,"tweened":false,"loc":[-81,26],"ref":"cutscene_part_05","index":7,"skew":[0,3.1416]},{"duration":7,"tweened":false,"loc":[67,26],"ref":"cutscene_part_05","index":14},{"duration":7,"tweened":false,"loc":[-81,26],"ref":"cutscene_part_05","index":21,"skew":[0,3.1416]},{"duration":6,"tweened":false,"loc":[67,26],"ref":"cutscene_part_05","index":28},{"duration":7,"tweened":false,"loc":[-81,26],"ref":"cutscene_part_05","index":34,"skew":[0,3.1416]},{"duration":7,"tweened":false,"loc":[67,26],"ref":"cutscene_part_05","index":41},{"duration":7,"tweened":false,"loc":[-81,26],"ref":"cutscene_part_05","index":48,"skew":[0,3.1416]}]},{"name":"cutscene_part_16","keyframes":[{"duration":7,"tweened":false,"loc":[-334,28],"ref":"cutscene_part_16","index":0},{"duration":7,"tweened":false,"loc":[320,28],"ref":"cutscene_part_16","index":7,"skew":[0,3.1416]},{"duration":7,"tweened":false,"loc":[-334,28],"ref":"cutscene_part_16","index":14},{"duration":7,"tweened":false,"loc":[320,28],"ref":"cutscene_part_16","index":21,"skew":[0,3.1416]},{"duration":6,"tweened":false,"loc":[-334,28],"ref":"cutscene_part_16","index":28},{"duration":7,"tweened":false,"loc":[320,28],"ref":"cutscene_part_16","index":34,"skew":[0,3.1416]},{"duration":7,"tweened":false,"loc":[-334,28],"ref":"cutscene_part_16","index":41},{"duration":7,"tweened":false,"loc":[320,28],"ref":"cutscene_part_16","index":48,"skew":[0,3.1416]}]},{"name":"Layer_2","keyframes":[{"duration":28,"tweened":false,"loc":[-151,28],"ref":"cutscene_part_42","index":0},{"duration":27,"index":28}]},{"name":"cutscene_part_19","keyframes":[{"duration":30,"index":0},{"duration":3,"tweened":false,"loc":[-96,8],"ref":"cutscene_part_19","index":30},{"duration":22,"tweened":false,"loc":[-100,4],"ref":"cutscene_part_19","index":33}]},{"name":"cutscene_part_24","keyframes":[{"duration":30,"index":0},{"duration":3,"tweened":false,"loc":[-158,56],"ref":"cutscene_part_24","index":30},{"duration":22,"tweened":false,"loc":[-162,60],"ref":"cutscene_part_24","index":33}]},{"name":"cutscene_part_34","keyframes":[{"duration":30,"index":0},{"duration":3,"tweened":false,"loc":[-1,57],"ref":"cutscene_part_34","index":30},{"duration":22,"tweened":false,"loc":[3,61],"ref":"cutscene_part_34","index":33}]},{"name":"cutscene_part_21","keyframes":[{"duration":30,"index":0},{"duration":3,"tweened":false,"loc":[10,17],"ref":"cutscene_part_21","index":30},{"duration":22,"tweened":false,"loc":[14,13],"ref":"cutscene_part_21","index":33}]},{"name":"cutscene_part_20","keyframes":[{"duration":30,"index":0},{"duration":3,"tweened":false,"loc":[-5,-11],"ref":"cutscene_part_20","index":30},{"duration":22,"tweened":false,"loc":[-5,-15],"ref":"cutscene_part_20","index":33}]},{"name":"cutscene_part_22","keyframes":[{"duration":30,"index":0},{"duration":3,"tweened":false,"loc":[-49,41],"ref":"cutscene_part_22","index":30},{"duration":22,"tweened":false,"loc":[-49,44.5],"ref":"cutscene_part_22","index":33}]},{"name":"Layer_5","keyframes":[{"duration":27,"index":0},{"scale":[12.8,4.88],"duration":3,"tweened":false,"pivot":[-0.7,0],"loc":[-328.96,0],"ref":"block_white","index":27},{"duration":25,"index":30}]},{"name":"labels","keyframes":[{"duration":26,"label":"loop","index":0},{"duration":29,"label":"start","index":26}]}],"id":"game3_title_anim"},{"layers":[{"name":"cutscene_part_66","keyframes":[{"duration":4,"tweened":false,"pivot":[9.5,13],"loc":[27.5,-27],"ref":"cutscene_part_66","index":0},{"duration":11,"tweened":false,"pivot":[9.5,13],"loc":[27.5,-28],"ref":"cutscene_part_66","index":4},{"duration":4,"tweened":false,"pivot":[9.5,13],"loc":[27.5,-28],"ref":"cutscene_part_66","index":15},{"duration":11,"tweened":false,"pivot":[9.5,13],"loc":[27.5,-27],"ref":"cutscene_part_66","index":19}]},{"name":"cutscene_part_65","keyframes":[{"duration":4,"tweened":false,"pivot":[9.5,14],"loc":[-26.5,-26],"ref":"cutscene_part_65","index":0},{"duration":11,"tweened":false,"pivot":[9.5,14],"loc":[-26.5,-27],"ref":"cutscene_part_65","index":4},{"duration":4,"tweened":false,"pivot":[9.5,14],"loc":[-26.5,-27],"ref":"cutscene_part_65","index":15},{"duration":11,"tweened":false,"pivot":[9.5,14],"loc":[-26.5,-26],"ref":"cutscene_part_65","index":19}]},{"name":"cutscene_part_64","keyframes":[{"duration":15,"tweened":false,"pivot":[17.5,22],"loc":[0.5,-30],"ref":"cutscene_part_64","index":0},{"duration":15,"tweened":false,"pivot":[17.5,22],"loc":[0.5,-29],"ref":"cutscene_part_64","index":15}]},{"name":"cutscene_part_75","keyframes":[{"duration":30,"tweened":false,"loc":[-20,-15],"ref":"cutscene_part_75","index":0}]},{"name":"cutscene_part_75","keyframes":[{"duration":30,"tweened":false,"loc":[21,-15],"ref":"cutscene_part_75","index":0,"skew":[0,3.1416]}]},{"name":"cutscene_part_76","keyframes":[{"duration":15,"tweened":false,"loc":[8,-18],"ref":"cutscene_part_76","index":0},{"duration":8,"tweened":false,"loc":[8,-18],"ref":"cutscene_part_76","index":15},{"duration":7,"tweened":false,"loc":[8,-17],"ref":"cutscene_part_76","index":23}]},{"name":"Layer_1","keyframes":[{"duration":30,"index":0}]}],"id":"game3_win_8bit_idle"},{"layers":[{"name":"Layer_2","keyframes":[{"duration":58,"tweened":false,"pivot":[119.5,50.5],"loc":[-68.5,30.5],"ref":"cutscene_part_26","index":0,"skew":[-1.5708,-1.5708]}]},{"name":"cutscene_part_43","keyframes":[{"duration":52,"index":0},{"scale":[0.5,0.56],"duration":6,"tweened":false,"pivot":[24.9,25],"loc":[-25.55,107.9999],"ref":"block_black","index":52}]},{"name":"cutscene_part_30","keyframes":[{"duration":52,"index":0},{"duration":6,"tweened":false,"loc":[-49,89],"ref":"cutscene_part_30","index":52}]},{"name":"cutscene_part_27","keyframes":[{"duration":52,"index":0},{"duration":6,"tweened":false,"loc":[-26,83],"ref":"cutscene_part_27","index":52}]},{"name":"Layer_3","keyframes":[{"duration":58,"tweened":false,"pivot":[54,5.5],"loc":[-9,36.5],"ref":"win_title","index":0}]},{"name":"Layer_4","keyframes":[{"duration":15,"index":0},{"duration":43,"tweened":false,"pivot":[256.5,4.5],"loc":[120.5,158.5],"ref":"win_description","index":15}]},{"name":"Layer_6","keyframes":[{"duration":15,"index":0},{"scale":[5.8457,0.2799],"duration":15,"tweened":false,"pivot":[49.8,0.9],"loc":[151.4637,169.2519],"ref":"block_black","index":15},{"scale":[4.4415,0.2799],"duration":3,"tweened":false,"pivot":[49.8,0.9],"loc":[151.4358,169.2519],"ref":"block_black","index":30},{"scale":[3.4025,0.2799],"duration":3,"tweened":false,"pivot":[49.75,0.9],"loc":[151.2727,169.2519],"ref":"block_black","index":33},{"scale":[2.4749,0.2799],"duration":3,"tweened":false,"pivot":[49.75,0.9],"loc":[151.224,169.2519],"ref":"block_black","index":36},{"scale":[1.7535,0.2799],"duration":3,"tweened":false,"pivot":[49.75,0.9],"loc":[151.3379,169.2519],"ref":"block_black","index":39},{"duration":16,"index":42}]},{"name":"Layer_5","keyframes":[{"duration":15,"index":0},{"scale":[4.717,0.2799],"duration":3,"tweened":false,"pivot":[49.75,0.9],"loc":[150.9198,153.2519],"ref":"block_black","index":15},{"scale":[3.6171,0.2799],"duration":3,"tweened":false,"pivot":[49.7,0.9],"loc":[151.0204,153.2519],"ref":"block_black","index":18},{"scale":[2.9359,0.2799],"duration":3,"tweened":false,"pivot":[49.75,0.9],"loc":[151.1117,153.2519],"ref":"block_black","index":21},{"scale":[2.1923,0.2799],"duration":3,"tweened":false,"pivot":[49.75,0.9],"loc":[151.0688,153.2519],"ref":"block_black","index":24},{"duration":31,"index":27}]},{"name":"labels","keyframes":[{"duration":52,"label":"intro","index":0},{"duration":6,"label":"loop","index":52}]}],"id":"game3_win_anim"},{"layers":[{"name":"Layer_1","keyframes":[{"duration":4,"tweened":false,"ref":"cutscene_part_12","index":0},{"duration":4,"tweened":false,"ref":"cutscene_part_13","index":4},{"duration":4,"tweened":false,"ref":"cutscene_part_14","index":8},{"duration":4,"tweened":false,"ref":"cutscene_part_15","index":12}]}],"id":"~cutscenes_lvl_3/_partial_anims/_partial_shot1_rainbow"}],"isNamespaced":false,"md5":"e7a89ea9936fb50296c518846e299b7d","textureGroups":[{"atlases":[{"textures":[{"origin":[0,0],"rect":[5,5,291,145],"symbol":"cutscene_part_42"},{"origin":[0,0],"rect":[306,5,253,163],"symbol":"cutscene_part_05"},{"origin":[0,0],"rect":[5,160,253,115],"symbol":"cutscene_part_16"},{"origin":[0,0],"rect":[569,5,239,101],"symbol":"cutscene_part_35"},{"origin":[0,0],"rect":[569,116,239,101],"symbol":"cutscene_part_40"},{"origin":[0,0],"rect":[268,178,239,101],"symbol":"cutscene_part_23"},{"origin":[0,0],"rect":[5,285,239,101],"symbol":"cutscene_part_29"},{"origin":[0,0],"rect":[517,227,239,101],"symbol":"cutscene_part_17"},{"origin":[0,0],"rect":[254,289,101,239],"symbol":"cutscene_part_26"},{"origin":[0,0],"rect":[5,396,162,135],"symbol":"cutscene_part_24"},{"origin":[0,0],"rect":[766,227,162,134],"symbol":"cutscene_part_34"},{"origin":[0,0],"rect":[818,5,144,99],"symbol":"cutscene_part_02"},{"origin":[0,0],"rect":[818,114,140,72],"symbol":"game_not_over"},{"origin":[0,0],"rect":[365,338,285,29],"symbol":"boss_intro_copy"},{"origin":[138,-4],"rect":[660,371,275,28],"symbol":"prologue_copy2"},{"origin":[131,-5],"rect":[365,377,260,29],"symbol":"prologue_copy1"},{"origin":[0,0],"rect":[635,409,95,77],"symbol":"cutscene_part_22"},{"origin":[136,-5],"rect":[740,409,268,27],"symbol":"win_description"},{"origin":[0,0],"rect":[365,416,95,70],"symbol":"cutscene_part_19"},{"origin":[108,-4],"rect":[740,446,212,28],"symbol":"game3_ending_copy1"},{"origin":[0,0],"rect":[938,196,70,84],"symbol":"cutscene_part_15"},{"origin":[0,0],"rect":[945,290,69,84],"symbol":"cutscene_part_12"},{"origin":[0,0],"rect":[470,416,69,84],"symbol":"cutscene_part_13"},{"origin":[0,0],"rect":[549,416,69,84],"symbol":"cutscene_part_14"},{"origin":[0,0],"rect":[365,496,82,70],"symbol":"cutscene_part_21"},{"origin":[103,-4],"rect":[740,484,202,28],"symbol":"game3_ending_copy2"},{"origin":[99,-4],"rect":[457,510,196,28],"symbol":"prologue_copy3"},{"origin":[90,-2],"rect":[177,538,176,30],"symbol":"prologue_copy4"},{"origin":[0,0],"rect":[5,541,77,62],"symbol":"8bit_2"},{"origin":[0,0],"rect":[663,522,77,62],"symbol":"8bit"},{"origin":[85,-4],"rect":[457,548,166,28],"symbol":"game3_ending_copy3"},{"origin":[0,0],"rect":[750,522,251,17],"symbol":"cutscene2_copy1"},{"origin":[0,0],"rect":[968,114,50,50],"symbol":"block_white"},{"origin":[0,0],"rect":[962,446,50,50],"symbol":"block_black"},{"origin":[0,0],"rect":[972,5,39,62],"symbol":"4"},{"origin":[0,0],"rect":[365,289,118,20],"symbol":"game_over_title"},{"origin":[0,0],"rect":[177,396,37,62],"symbol":"3"},{"origin":[0,0],"rect":[92,541,37,62],"symbol":"6"},{"origin":[0,0],"rect":[363,576,37,62],"symbol":"2"},{"origin":[0,0],"rect":[410,576,37,62],"symbol":"5"},{"origin":[0,0],"rect":[457,586,37,62],"symbol":"0"},{"origin":[0,0],"rect":[504,586,37,62],"symbol":"8"},{"origin":[0,0],"rect":[139,578,163,14],"symbol":"cutscene2_copy2"},{"origin":[0,0],"rect":[177,468,54,42],"symbol":"cutscene_part_03"},{"origin":[0,0],"rect":[551,586,42,52],"symbol":"cutscene_part_08"},{"origin":[0,0],"rect":[603,586,46,46],"symbol":"cutscene_part_11"},{"origin":[0,0],"rect":[312,578,32,62],"symbol":"7"},{"origin":[0,0],"rect":[354,648,35,44],"symbol":"cutscene_part_64"},{"origin":[-2,-4],"rect":[139,602,124,12],"symbol":"win_title"},{"origin":[0,0],"rect":[273,602,17,86],"symbol":"cutscene_part_31"},{"origin":[0,0],"rect":[300,650,19,70],"symbol":"cutscene_part_20"},{"origin":[0,0],"rect":[660,338,83,16],"symbol":"button_continue"},{"origin":[0,0],"rect":[399,648,21,61],"symbol":"cutscene_part_51"},{"origin":[0,0],"rect":[517,178,37,30],"symbol":"cutscene_part_04"},{"origin":[0,0],"rect":[224,396,16,62],"symbol":"1"},{"origin":[0,0],"rect":[329,702,30,33],"symbol":"cutscene_part_68"},{"origin":[0,0],"rect":[972,77,36,27],"symbol":"cutscene_part_50"},{"origin":[0,0],"rect":[5,613,36,27],"symbol":"cutscene_part_61"},{"origin":[0,0],"rect":[1011,506,6,158],"symbol":"cutscene_part_33"},{"origin":[0,0],"rect":[369,702,5,158],"symbol":"cutscene_part_32"},{"origin":[0,0],"rect":[430,648,17,40],"symbol":"cutscene_part_27"},{"origin":[0,0],"rect":[139,541,28,24],"symbol":"cutscene_part_30"},{"origin":[0,-9],"rect":[51,613,19,34],"symbol":"cutscene_part_66"},{"origin":[0,0],"rect":[5,650,22,25],"symbol":"cutscene_part_63"},{"origin":[0,0],"rect":[633,548,19,28],"symbol":"cutscene_part_65"},{"origin":[0,0],"rect":[80,613,21,25],"symbol":"cutscene_part_62"},{"origin":[0,0],"rect":[111,613,7,72],"symbol":"cutscene_part_37"},{"origin":[0,0],"rect":[663,496,29,15],"symbol":"cutscene_part_59"},{"origin":[0,0],"rect":[945,384,29,15],"symbol":"cutscene_part_58"},{"origin":[0,0],"rect":[984,384,29,15],"symbol":"cutscene_part_57"},{"origin":[0,0],"rect":[818,196,29,15],"symbol":"cutscene_part_45"},{"origin":[0,0],"rect":[857,196,29,15],"symbol":"cutscene_part_54"},{"origin":[0,0],"rect":[896,196,29,15],"symbol":"cutscene_part_56"},{"origin":[0,0],"rect":[37,657,29,15],"symbol":"cutscene_part_43"},{"origin":[0,0],"rect":[37,682,29,15],"symbol":"cutscene_part_48"},{"origin":[0,0],"rect":[128,624,29,15],"symbol":"cutscene_part_44"},{"origin":[0,0],"rect":[167,624,29,15],"symbol":"cutscene_part_46"},{"origin":[0,0],"rect":[206,624,29,15],"symbol":"cutscene_part_47"},{"origin":[0,0],"rect":[128,649,29,15],"symbol":"cutscene_part_55"},{"origin":[0,0],"rect":[167,649,29,15],"symbol":"eyes_closed"},{"origin":[0,0],"rect":[493,289,14,28],"symbol":"cutscene_part_70"},{"origin":[0,0],"rect":[206,649,29,13],"symbol":"cutscene_part_79"},{"origin":[0,0],"rect":[635,377,15,16],"symbol":"cutscene_part_75"},{"origin":[0,0],"rect":[702,496,15,13],"symbol":"cutscene_part_72"},{"origin":[0,0],"rect":[329,650,15,13],"symbol":"cutscene_part_78"},{"origin":[0,0],"rect":[968,174,17,10],"symbol":"cutscene_part_73"},{"origin":[0,0],"rect":[952,506,46,3],"symbol":"cutscene_part_09"},{"origin":[0,0],"rect":[268,160,15,6],"symbol":"cutscene_part_83"},{"origin":[0,0],"rect":[329,673,10,8],"symbol":"cutscene_part_36"},{"origin":[0,0],"rect":[995,174,8,8],"symbol":"cutscene_part_49"},{"origin":[0,0],"rect":[177,520,8,6],"symbol":"cutscene_part_53"},{"origin":[0,0],"rect":[1013,174,4,9],"symbol":"cutscene_part_76"},{"origin":[0,0],"rect":[195,520,4,7],"symbol":"cutscene_part_82"},{"origin":[0,0],"rect":[628,496,8,2],"symbol":"cutscene_part_52"}],"file":"atlas0.png"}],"scaleFactor":1}],"frameRate":24}